,Home,Away,Datetime,HomePos,HomePts,AwayPos,AwayPts,Result,HomeMatches,AwayMatches,OddsH1,OddsD1,OddsA1,OddsH2,OddsD2,OddsA2,OddsH3,OddsD3,OddsA3,OddsH4,OddsD4,OddsA4,OddsH5,OddsD5,OddsA5,HNplayers,HAverageAge,HNforeign,HPlayerValues,HMarketValue,ANplayers,AAverageAge,ANforeign,APlayerValues,AMarketValue,HATT,HMID,HDEF,HOVR,AATT,AMID,ADEF,AOVR
0,Leicester,Everton,08/16/2014 15:00:00,,,,,2-2,0,0,3.2,3.4,2.4,2.9,3.2,2.4,3.25,3.4,2.25,3.14,3.38,2.46,3.1,3.1,2.4,37,25.9,18,55.85,1.51,40,24.3,19,177.5,4.44,71,72,68,72,78,78,78,78
1,QPR,Hull,08/16/2014 15:00:00,,,,,0-1,0,0,2.5,3.3,3.1,2.5,3.1,2.85,2.4,3.25,3.1,2.48,3.26,3.22,2.6,3,2.9,41,25.1,24,115.05,2.81,35,26.1,24,122.25,3.49,74,74,71,75,75,73,70,73
2,Stoke,Aston Villa,08/16/2014 15:00:00,,,,,0-1,0,0,1.95,3.5,4.5,1.95,3.3,3.9,1.95,3.4,4.2,1.95,3.47,4.55,1.95,3.2,4.2,30,26.4,23,128.85,4.3,38,24.3,20,127,3.34,76,75,74,76,72,74,74,75
3,West Brom,Sunderland,08/16/2014 15:00:00,,,,,2-2,0,0,2.25,3.4,3.5,2.3,3.25,3.1,2.3,3.3,3.3,2.21,3.34,3.73,2.3,3.1,3.3,34,25.5,22,100.6,2.96,34,24.8,20,115.25,3.39,74,74,71,74,76,73,72,74
4,West Ham,Tottenham,08/16/2014 15:00:00,,,,,0-1,0,0,3.8,3.6,2.05,3.5,3.4,2.05,3.6,3.4,2.1,3.96,3.55,2.06,3.75,3.3,2.05,36,24.8,21,123,3.42,42,23.7,25,298.25,7.1,75,74,72,75,78,77,77,78
5,Arsenal,Crystal Palace,08/16/2014 17:30:00,,,,,2-1,0,0,1.25,6.5,15,1.25,5.5,12,1.25,6,13,1.26,6.45,14.01,1.25,5.5,12,42,23,29,404.35,9.63,42,26,25,89.3,2.13,80,80,77,80,73,73,73,73
6,Liverpool,Southampton,08/17/2014 13:30:00,,,,,2-1,0,0,1.33,5.75,10,1.36,4.5,8.75,1.36,5,9,1.35,5.48,10.3,1.36,4.5,9,35,23.4,21,285,8.14,37,23.5,20,150.4,4.06,79,78,75,79,77,75,76,76
7,Newcastle,Man City,08/17/2014 16:00:00,,,,,0-2,0,0,5.25,4.33,1.67,4.75,3.8,1.67,5,4.2,1.66,5.8,4.28,1.63,5,3.75,1.67,42,22.9,26,139.85,3.33,36,25.4,29,478,13.28,74,75,74,75,83,82,81,82
8,Burnley,Chelsea,08/18/2014 20:00:00,,,,,1-3,0,0,9,5,1.4,7.5,4.6,1.4,9,4.8,1.4,9.77,4.81,1.41,9,4.2,1.4,30,25.5,13,36.75,1.23,38,23.9,28,526.1,13.84,71,70,71,70,82,82,81,83
9,Aston Villa,Newcastle,08/23/2014 12:45:00,6,3,20,0,0-0,1,1,2.5,3.4,3,2.6,3.25,2.9,2.5,3.3,2.87,2.56,3.36,3.01,2.45,3.25,2.9,38,24.3,20,127,3.34,42,22.9,26,139.85,3.33,72,74,74,75,74,75,74,75
10,Chelsea,Leicester,08/23/2014 15:00:00,1,3,10,1,2-0,1,1,1.2,7.5,17,1.25,6.25,12.5,1.22,6,13,1.21,7.28,17.7,1.22,5.5,15,38,23.9,28,526.1,13.84,37,25.9,18,55.85,1.51,82,82,81,83,71,72,68,72
11,Crystal Palace,West Ham,08/23/2014 15:00:00,13,0,18,0,1-3,1,1,2.5,3.3,3.1,2.5,3,2.95,2.5,3.1,3,2.44,3.25,3.3,2.5,3.2,2.8,42,26,25,89.3,2.13,36,24.8,21,123,3.42,73,73,73,73,75,74,72,75
12,Southampton,West Brom,08/23/2014 15:00:00,15,0,12,1,0-0,1,1,1.85,3.7,4.75,1.87,3.75,4.2,1.85,3.5,4.33,1.86,3.76,4.62,1.91,3.2,4.5,37,23.5,20,150.4,4.06,34,25.5,22,100.6,2.96,77,75,76,76,74,74,71,74
13,Swansea,Burnley,08/23/2014 15:00:00,5,3,19,0,1-0,1,1,1.65,4,6,1.7,3.6,5.75,1.66,3.75,5,1.64,4.13,5.98,1.67,3.4,6,36,24.3,30,107.7,2.99,30,25.5,13,36.75,1.23,77,74,74,75,71,70,71,70
14,Everton,Arsenal,08/23/2014 17:30:00,9,1,3,3,2-2,1,1,2.8,3.4,2.7,2.75,3.25,2.7,2.75,3.25,2.7,2.72,3.45,2.76,2.7,3.1,2.7,40,24.3,19,177.5,4.44,42,23,29,404.35,9.63,78,78,78,78,80,80,77,80
15,Hull,Stoke,08/24/2014 13:30:00,7,3,17,0,1-1,1,1,2.5,3.25,3.2,2.55,3.2,2.95,2.4,3.2,3.2,2.48,3.18,3.31,2.5,3.2,2.8,35,26.1,24,122.25,3.49,30,26.4,23,128.85,4.3,75,73,70,73,76,75,74,76
16,Tottenham,QPR,08/24/2014 13:30:00,8,3,16,0,4-0,1,1,1.45,4.75,8,1.48,4.25,7.75,1.44,4.33,7.5,1.49,4.64,7.5,1.5,4,7,42,23.7,25,298.25,7.1,41,25.1,24,115.05,2.81,78,77,77,78,74,74,71,75
17,Man City,Liverpool,08/25/2014 20:00:00,2,3,4,3,3-1,1,1,1.85,4,4.33,1.87,3.9,4,1.85,3.75,4.2,1.83,4.05,4.43,1.85,3.4,4.33,36,25.4,29,478,13.28,35,23.4,21,285,8.14,83,82,81,82,79,78,75,79
18,Man City,Stoke,08/30/2014 15:00:00,3,6,15,1,0-1,2,2,1.18,8,18,1.18,6.5,14.5,1.18,7.5,17,1.2,7.8,17.95,1.2,5.5,21,36,25.4,29,478,13.28,30,26.4,23,128.85,4.3,83,82,81,82,76,75,74,76
19,Newcastle,Crystal Palace,08/30/2014 15:00:00,17,1,18,0,3-3,2,2,1.75,3.75,5.25,1.75,3.5,4.75,1.75,3.6,5,1.74,3.78,5.58,1.75,3.2,5.5,42,22.9,26,139.85,3.33,42,26,25,89.3,2.13,74,75,74,75,73,73,73,73
20,QPR,Sunderland,08/30/2014 15:00:00,20,0,11,2,1-0,2,2,2.4,3.25,3.3,2.45,3.2,2.85,2.5,3.25,3,2.43,3.23,3.35,2.5,2.9,3.1,41,25.1,24,115.05,2.81,34,24.8,20,115.25,3.39,74,74,71,75,76,73,72,74
21,Swansea,West Brom,08/30/2014 15:00:00,4,6,12,2,3-0,2,2,1.85,3.6,4.75,1.85,3.4,4.2,1.85,3.6,4.5,1.88,3.66,4.67,1.91,3.1,4.5,36,24.3,30,107.7,2.99,34,25.5,22,100.6,2.96,77,74,74,75,74,74,71,74
22,West Ham,Southampton,08/30/2014 15:00:00,8,3,14,1,1-3,2,2,2.8,3.4,2.7,2.6,3.2,2.7,2.75,3.25,2.75,2.8,3.43,2.69,2.9,2.8,2.75,36,24.8,21,123,3.42,37,23.5,20,150.4,4.06,75,74,72,75,77,75,76,76
23,Everton,Chelsea,08/30/2014 17:30:00,10,2,2,6,3-6,2,2,3.75,3.3,2.2,3.5,3.3,2.2,3.5,3.4,2.2,3.79,3.33,2.19,3.6,2.88,2.25,40,24.3,19,177.5,4.44,38,23.9,28,526.1,13.84,78,78,78,78,82,82,81,83
24,Aston Villa,Hull,08/31/2014 13:30:00,7,4,6,4,2-1,2,2,2.3,3.3,3.5,2.35,3.1,3.1,2.25,3.2,3.6,2.33,3.16,3.63,2.38,2.88,3.4,38,24.3,20,127,3.34,35,26.1,24,122.25,3.49,72,74,74,75,75,73,70,73
25,Tottenham,Liverpool,08/31/2014 13:30:00,1,6,9,3,0-3,2,2,2.7,3.5,2.7,2.7,3.2,2.7,2.7,3.4,2.7,2.69,3.48,2.77,2.7,3,2.8,42,23.7,25,298.25,7.1,35,23.4,21,285,8.14,78,77,77,78,79,78,75,79
26,Leicester,Arsenal,08/31/2014 16:00:00,16,1,5,4,1-1,2,2,4.75,3.75,1.83,4.33,3.4,1.83,4.5,3.75,1.83,4.54,3.8,1.87,4.8,3,1.91,37,25.9,18,55.85,1.51,42,23,29,404.35,9.63,71,72,68,72,80,80,77,80
27,Arsenal,Man City,09/13/2014 12:45:00,7,5,4,6,2-2,3,3,3,3.4,2.5,2.85,3.5,2.5,2.87,3.5,2.5,3.03,3.48,2.48,3,3,2.5,42,23,29,404.35,9.63,36,25.4,29,478,13.28,80,80,77,80,83,82,81,82
28,Chelsea,Swansea,09/13/2014 15:00:00,1,9,2,9,4-2,3,3,1.3,5.75,12,1.3,5,9.5,1.28,5.5,12,1.32,5.62,12.04,1.3,5,11,38,23.9,28,526.1,13.84,36,24.3,30,107.7,2.99,82,82,81,83,77,74,74,75
29,Crystal Palace,Burnley,09/13/2014 15:00:00,19,1,20,1,0-0,3,3,2.25,3.3,3.6,2.25,3.2,3.2,2.1,3.3,3.8,2.23,3.35,3.66,2.25,3.1,3.4,42,26,25,89.3,2.13,30,25.5,13,36.75,1.23,73,73,73,73,71,70,71,70
30,Southampton,Newcastle,09/13/2014 15:00:00,8,4,16,2,4-0,3,3,1.8,3.75,5,1.83,3.3,4.5,1.83,3.6,4.5,1.79,3.78,5.06,1.83,3.2,5,37,23.5,20,150.4,4.06,42,22.9,26,139.85,3.33,77,75,76,76,74,75,74,75
31,Stoke,Leicester,09/13/2014 15:00:00,10,4,15,2,0-1,3,3,2.1,3.4,4,2.15,3.4,3.25,2.05,3.3,4,2.1,3.35,4.07,2.15,3.1,3.6,30,26.4,23,128.85,4.3,37,25.9,18,55.85,1.51,76,75,74,76,71,72,68,72
32,Sunderland,Tottenham,09/13/2014 15:00:00,13,2,6,6,2-2,3,3,3.6,3.5,2.15,3.4,3.2,2.15,3.6,3.5,2.1,3.71,3.5,2.15,3.4,3.3,2.15,34,24.8,20,115.25,3.39,42,23.7,25,298.25,7.1,76,73,72,74,78,77,77,78
33,West Brom,Everton,09/13/2014 15:00:00,18,2,17,2,0-2,3,3,3.5,3.5,2.2,3.3,3.2,2.2,3.6,3.4,2.1,3.57,3.48,2.21,3.4,3.2,2.2,34,25.5,22,100.6,2.96,40,24.3,19,177.5,4.44,74,74,71,74,78,78,78,78
34,Liverpool,Aston Villa,09/13/2014 17:30:00,5,6,3,7,0-1,3,3,1.3,6,11,1.3,5.5,11,1.3,5.5,11,1.3,5.92,11.85,1.3,5,11,35,23.4,21,285,8.14,38,24.3,20,127,3.34,79,78,75,79,72,74,74,75
35,Hull,West Ham,09/15/2014 20:00:00,9,4,11,3,2-2,3,3,2.15,3.4,3.75,2.25,3.3,3.4,2.15,3.3,3.6,2.15,3.33,3.91,2.2,3.1,3.5,35,26.1,24,122.25,3.49,36,24.8,21,123,3.42,75,73,70,73,75,74,72,75
36,QPR,Stoke,09/20/2014 12:45:00,16,3,14,4,2-2,4,4,2.8,3.25,2.8,2.8,3.1,2.8,2.7,3.2,2.8,2.77,3.15,2.91,2.7,3,2.8,41,25.1,24,115.05,2.81,30,26.4,23,128.85,4.3,74,74,71,75,76,75,74,76
37,Aston Villa,Arsenal,09/20/2014 15:00:00,2,10,7,6,0-3,4,4,4.75,3.6,1.85,4.2,3.4,1.85,4.5,3.75,1.8,4.71,3.63,1.88,4.5,3.4,1.83,38,24.3,20,127,3.34,42,23,29,404.35,9.63,72,74,74,75,80,80,77,80
38,Burnley,Sunderland,09/20/2014 15:00:00,18,2,15,3,0-0,4,4,2.5,3.3,3.1,2.6,3.25,2.9,2.55,3.2,2.9,2.49,3.36,3.12,2.5,3.2,2.8,30,25.5,13,36.75,1.23,34,24.8,20,115.25,3.39,71,70,71,70,76,73,72,74
39,Newcastle,Hull,09/20/2014 15:00:00,20,2,10,5,2-2,4,4,2.2,3.3,3.75,2.25,3.25,3.5,2.15,3.4,3.6,2.14,3.4,3.86,2.2,3.2,3.4,42,22.9,26,139.85,3.33,35,26.1,24,122.25,3.49,74,75,74,75,75,73,70,73
40,Swansea,Southampton,09/20/2014 15:00:00,3,9,4,7,0-1,4,4,2.5,3.3,3.1,2.6,3.25,2.9,2.37,3.4,3,2.46,3.34,3.18,2.5,3.25,2.8,36,24.3,30,107.7,2.99,37,23.5,20,150.4,4.06,77,74,74,75,77,75,76,76
41,West Ham,Liverpool,09/20/2014 17:30:00,13,4,8,6,3-1,4,4,4.5,3.8,1.85,4.25,3.8,1.85,4.33,3.8,1.8,4.56,3.89,1.84,4.5,3.3,1.85,36,24.8,21,123,3.42,35,23.4,21,285,8.14,75,74,72,75,79,78,75,79
42,Tottenham,West Brom,09/21/2014 13:30:00,6,7,19,2,0-1,4,4,1.53,4.33,7,1.53,4,6,1.53,4.33,6,1.53,4.39,7.25,1.53,3.75,7,42,23.7,25,298.25,7.1,34,25.5,22,100.6,2.96,78,77,77,78,74,74,71,74
43,Everton,Crystal Palace,09/21/2014 16:00:00,11,5,17,2,2-3,4,4,1.4,5,9,1.42,4.1,8.25,1.44,4.5,7,1.39,5.09,9.52,1.4,4.5,8,40,24.3,19,177.5,4.44,42,26,25,89.3,2.13,78,78,78,78,73,73,73,73
44,Man City,Chelsea,09/21/2014 16:00:00,5,7,1,12,1-1,4,4,2.38,3.5,3.1,2.4,3.4,3,2.37,3.4,3,2.39,3.56,3.12,2.4,3.1,3.1,36,25.4,29,478,13.28,38,23.9,28,526.1,13.84,83,82,81,82,82,82,81,83
45,Liverpool,Everton,09/27/2014 12:45:00,11,6,14,5,1-1,5,5,1.91,3.75,4.33,1.95,3.6,4,1.85,3.8,4.2,1.96,3.81,4.04,1.91,3.4,4,35,23.4,21,285,8.14,40,24.3,19,177.5,4.44,79,78,75,79,78,78,78,78
46,Chelsea,Aston Villa,09/27/2014 15:00:00,1,13,3,10,3-0,5,5,1.22,7,16,1.25,5.5,11,1.22,6.5,16,1.22,7.05,16.5,1.25,5.5,12,38,23.9,28,526.1,13.84,38,24.3,20,127,3.34,82,82,81,83,72,74,74,75
47,Crystal Palace,Leicester,09/27/2014 15:00:00,15,5,7,8,2-0,5,5,2.63,3.4,2.88,2.65,3.1,2.7,2.5,3.4,2.87,2.64,3.37,2.9,2.7,3.1,2.7,42,26,25,89.3,2.13,37,25.9,18,55.85,1.51,73,73,73,73,71,72,68,72
48,Hull,Man City,09/27/2014 15:00:00,10,6,6,8,2-4,5,5,6.5,4.2,1.57,5.75,3.8,1.57,6,4.2,1.57,6.79,4.32,1.56,6.5,3.6,1.57,35,26.1,24,122.25,3.49,36,25.4,29,478,13.28,75,73,70,73,83,82,81,82
49,Southampton,QPR,09/27/2014 15:00:00,2,10,18,4,2-1,5,5,1.44,4.6,8.5,1.45,4.2,7,1.47,4.33,7,1.47,4.63,8.14,1.44,4,8,37,23.5,20,150.4,4.06,41,25.1,24,115.05,2.81,77,75,76,76,74,74,71,75
50,Sunderland,Swansea,09/27/2014 15:00:00,17,4,5,9,0-0,5,5,2.9,3.3,2.63,2.8,3.2,2.7,2.6,3.25,2.75,2.96,3.23,2.69,2.7,3.1,2.7,34,24.8,20,115.25,3.39,36,24.3,30,107.7,2.99,76,73,72,74,77,74,74,75
51,Arsenal,Tottenham,09/27/2014 17:30:00,4,9,9,7,1-1,5,5,1.75,3.9,5,1.8,3.6,4.75,1.8,3.8,4.5,1.8,3.86,4.87,1.8,3.5,4.5,42,23,29,404.35,9.63,42,23.7,25,298.25,7.1,80,80,77,80,78,77,77,78
52,West Brom,Burnley,09/28/2014 16:00:00,16,5,19,3,4-0,5,5,2,3.5,4.2,2,3.4,4,2,3.4,4,2.01,3.46,4.29,2,3.2,4,34,25.5,22,100.6,2.96,30,25.5,13,36.75,1.23,74,74,71,74,71,70,71,70
53,Stoke,Newcastle,09/29/2014 20:00:00,13,5,20,3,1-0,5,5,2.15,3.4,3.8,2.15,3.3,3.7,2.15,3.3,3.6,2.13,3.42,3.86,2.15,3.2,3.5,30,26.4,23,128.85,4.3,42,22.9,26,139.85,3.33,76,75,74,76,74,75,74,75
54,Hull,Crystal Palace,10/04/2014 15:00:00,16,6,9,8,2-0,6,6,2.1,3.5,3.8,2.1,3.2,3.6,2.05,3.4,4,2.12,3.44,3.89,2.1,3.1,3.8,35,26.1,24,122.25,3.49,42,26,25,89.3,2.13,75,73,70,73,73,73,73,73
55,Leicester,Burnley,10/04/2014 15:00:00,12,8,20,3,2-2,6,6,1.8,3.75,5,1.8,3.4,4.5,1.8,3.6,5,1.79,3.72,5.16,1.8,3.25,5,37,25.9,18,55.85,1.51,30,25.5,13,36.75,1.23,71,72,68,72,71,70,71,70
56,Liverpool,West Brom,10/04/2014 15:00:00,14,7,10,8,2-1,6,6,1.44,5,7.5,1.44,4.33,7,1.45,4.75,7,1.46,4.78,7.95,1.44,4.33,7,35,23.4,21,285,8.14,34,25.5,22,100.6,2.96,79,78,75,79,74,74,71,74
57,Sunderland,Stoke,10/04/2014 15:00:00,17,5,11,8,3-1,6,6,2.55,3.25,3.1,2.6,3,2.85,2.45,3.2,3.1,2.55,3.23,3.14,2.6,3,2.9,34,24.8,20,115.25,3.39,30,26.4,23,128.85,4.3,76,73,72,74,76,75,74,76
58,Swansea,Newcastle,10/04/2014 15:00:00,5,10,19,3,2-2,6,6,1.91,3.7,4.33,1.91,3.4,4,1.9,3.5,4.33,1.92,3.65,4.44,1.91,3.3,4.2,36,24.3,30,107.7,2.99,42,22.9,26,139.85,3.33,77,74,74,75,74,75,74,75
59,Aston Villa,Man City,10/04/2014 17:30:00,6,10,3,11,0-2,6,6,7.5,4.5,1.5,6.75,4.2,1.53,6.5,4.33,1.5,8.05,4.57,1.48,7,3.75,1.53,38,24.3,20,127,3.34,36,25.4,29,478,13.28,72,74,74,75,83,82,81,82
60,Chelsea,Arsenal,10/05/2014 14:05:00,1,16,4,10,2-0,6,6,1.67,4.2,5.25,1.72,3.75,5.25,1.66,4,5,1.67,4.1,5.64,1.67,3.6,5.5,38,23.9,28,526.1,13.84,42,23,29,404.35,9.63,82,82,81,83,80,80,77,80
61,Tottenham,Southampton,10/05/2014 14:05:00,8,8,2,13,1-0,6,6,2.2,3.5,3.5,2.2,3.5,3.3,2.1,3.4,3.6,2.16,3.45,3.73,2.25,3.1,3.4,42,23.7,25,298.25,7.1,37,23.5,20,150.4,4.06,78,77,77,78,77,75,76,76
62,West Ham,QPR,10/05/2014 16:15:00,13,7,18,4,2-0,6,6,1.91,3.6,4.5,1.95,3.4,4.25,1.9,3.5,4.33,1.91,3.61,4.56,1.95,3.3,4,36,24.8,21,123,3.42,41,25.1,24,115.05,2.81,75,74,72,75,74,74,71,75
63,Man City,Tottenham,10/18/2014 12:45:00,2,14,6,11,4-1,7,7,1.45,4.75,8,1.5,4.33,7,1.5,4.5,6.5,1.47,4.79,7.77,1.5,4,7,36,25.4,29,478,13.28,42,23.7,25,298.25,7.1,83,82,81,82,78,77,77,78
64,Newcastle,Leicester,10/18/2014 15:00:00,18,4,12,9,1-0,7,7,2.25,3.6,3.3,2.2,3.3,3.25,2.15,3.4,3.5,2.25,3.59,3.31,2.2,3.1,3.5,42,22.9,26,139.85,3.33,37,25.9,18,55.85,1.51,74,75,74,75,71,72,68,72
65,Southampton,Sunderland,10/18/2014 15:00:00,3,13,13,8,8-0,7,7,1.57,4,7,1.62,3.75,5.25,1.61,3.8,6,1.59,4.12,6.79,1.62,3.4,6.5,37,23.5,20,150.4,4.06,34,24.8,20,115.25,3.39,77,75,76,76,76,73,72,74
66,Burnley,West Ham,10/18/2014 15:00:00,19,4,7,10,1-3,7,7,2.8,3.4,2.7,2.8,3.2,2.7,2.75,3.3,2.75,2.83,3.37,2.7,2.8,3,2.7,30,25.5,13,36.75,1.23,36,24.8,21,123,3.42,71,70,71,70,75,74,72,75
67,Crystal Palace,Chelsea,10/18/2014 15:00:00,15,8,1,19,1-2,7,7,8.5,4.75,1.44,7,4.25,1.44,8.5,4.75,1.4,8.5,4.68,1.45,8,4,1.44,42,26,25,89.3,2.13,38,23.9,28,526.1,13.84,73,73,73,73,82,82,81,83
68,Everton,Aston Villa,10/18/2014 15:00:00,17,6,10,10,3-0,7,7,1.6,4,6.5,1.62,3.7,5.5,1.61,4,5.5,1.56,4.29,6.76,1.62,3.6,6,40,24.3,19,177.5,4.44,38,24.3,20,127,3.34,78,78,78,78,72,74,74,75
69,Arsenal,Hull,10/18/2014 15:00:00,8,10,11,9,2-2,7,7,1.4,5,9,1.44,4.33,7,1.44,4.5,8,1.44,4.87,8.39,1.44,4,8,42,23,29,404.35,9.63,35,26.1,24,122.25,3.49,80,80,77,80,75,73,70,73
70,QPR,Liverpool,10/19/2014 13:30:00,20,4,9,10,2-3,7,7,6,4.2,1.6,5.75,4,1.62,5.5,4,1.61,6.52,4.3,1.58,6,3.6,1.62,41,25.1,24,115.05,2.81,35,23.4,21,285,8.14,74,74,71,75,79,78,75,79
71,Stoke,Swansea,10/19/2014 16:00:00,16,8,5,11,2-1,7,7,2.5,3.3,3.1,2.5,3.25,3,2.37,3.3,3.1,2.55,3.31,3.07,2.5,3,3,30,26.4,23,128.85,4.3,36,24.3,30,107.7,2.99,76,75,74,76,77,74,74,75
72,West Ham,Man City,10/25/2014 12:45:00,4,13,2,17,2-1,8,8,6.5,4.5,1.55,6,4.2,1.57,5.5,4.33,1.55,6.66,4.71,1.52,5.5,4,1.55,36,24.8,21,123,3.42,36,25.4,29,478,13.28,75,74,72,75,83,82,81,82
73,West Brom,Crystal Palace,10/25/2014 15:00:00,14,9,16,8,2-2,8,8,1.91,3.6,4.5,1.91,3.4,4,1.9,3.4,4,1.89,3.62,4.65,1.85,3.3,4.2,34,25.5,22,100.6,2.96,42,26,25,89.3,2.13,74,74,71,74,73,73,73,73
74,Liverpool,Hull,10/25/2014 15:00:00,5,13,11,10,0-0,8,8,1.44,4.75,8,1.45,4.25,7,1.44,4.5,7.5,1.44,4.84,8.29,1.4,4.5,7,35,23.4,21,285,8.14,35,26.1,24,122.25,3.49,79,78,75,79,75,73,70,73
75,Southampton,Stoke,10/25/2014 15:00:00,3,16,10,11,1-0,8,8,1.65,4,6,1.65,3.75,6,1.6,3.8,6,1.65,4.1,5.94,1.6,3.6,5.5,37,23.5,20,150.4,4.06,30,26.4,23,128.85,4.3,77,75,76,76,76,75,74,76
76,Sunderland,Arsenal,10/25/2014 15:00:00,17,8,7,11,0-2,8,8,5.5,3.8,1.73,5.25,3.7,1.72,5,3.75,1.7,5.21,3.95,1.74,4.8,3.75,1.65,34,24.8,20,115.25,3.39,42,23,29,404.35,9.63,76,73,72,74,80,80,77,80
77,Swansea,Leicester,10/25/2014 17:30:00,8,11,15,9,2-0,8,8,1.95,3.7,4.2,1.95,3.6,4,1.95,3.5,4,1.92,3.72,4.37,1.95,3.5,3.6,36,24.3,30,107.7,2.99,37,25.9,18,55.85,1.51,77,74,74,75,71,72,68,72
78,Burnley,Everton,10/26/2014 13:30:00,19,4,13,9,1-3,8,8,4.75,3.75,1.83,4.6,3.6,1.85,4.33,3.6,1.83,4.49,3.81,1.87,4.33,3.6,1.75,30,25.5,13,36.75,1.23,40,24.3,19,177.5,4.44,71,70,71,70,78,78,78,78
79,Tottenham,Newcastle,10/26/2014 13:30:00,9,11,18,7,1-2,8,8,1.75,3.9,5,1.8,3.75,4.6,1.7,3.8,5,1.76,3.93,5.03,1.7,3.75,4.4,42,23.7,25,298.25,7.1,42,22.9,26,139.85,3.33,78,77,77,78,74,75,74,75
80,QPR,Aston Villa,10/27/2014 20:00:00,20,4,12,10,2-0,8,8,2.38,3.25,3.4,2.4,3.3,3.1,2.4,3.2,3,2.33,3.32,3.45,2.3,3.1,3.1,41,25.1,24,115.05,2.81,38,24.3,20,127,3.34,74,74,71,75,72,74,74,75
81,Newcastle,Liverpool,11/01/2014 12:45:00,14,10,7,14,1-0,9,9,3.8,3.75,2,3.75,3.5,2.05,3.75,3.6,2.05,3.77,3.74,2.05,3.8,3.2,2.05,42,22.9,26,139.85,3.33,35,23.4,21,285,8.14,74,75,74,75,79,78,75,79
82,Arsenal,Burnley,11/01/2014 15:00:00,5,14,20,4,3-0,9,9,1.25,6.5,14,1.28,5.5,9.5,1.25,6,13,1.28,6.21,13.23,1.29,5,12,42,23,29,404.35,9.63,30,25.5,13,36.75,1.23,80,80,77,80,71,70,71,70
83,Chelsea,QPR,11/01/2014 15:00:00,1,23,19,7,2-1,9,9,1.17,8.5,21,1.18,6.25,15,1.18,7.5,19,1.19,7.8,19.99,1.17,6.5,19,38,23.9,28,526.1,13.84,41,25.1,24,115.05,2.81,82,82,81,83,74,74,71,75
84,Everton,Swansea,11/01/2014 15:00:00,9,12,6,14,0-0,9,9,1.75,3.8,5.25,1.75,3.6,4.5,1.75,3.8,5,1.74,3.85,5.39,1.75,3.25,5.5,40,24.3,19,177.5,4.44,36,24.3,30,107.7,2.99,78,78,78,78,77,74,74,75
85,Hull,Southampton,11/01/2014 15:00:00,10,11,2,19,0-1,9,9,3.8,3.6,2.05,3.6,3.3,2.05,3.8,3.5,2.05,4.01,3.61,2.03,3.75,3.1,2.1,35,26.1,24,122.25,3.49,37,23.5,20,150.4,4.06,75,73,70,73,77,75,76,76
86,Leicester,West Brom,11/01/2014 15:00:00,17,9,13,10,0-1,9,9,2.3,3.5,3.3,2.3,3.3,3,2.25,3.4,3.4,2.35,3.46,3.27,2.38,3.2,3.1,37,25.9,18,55.85,1.51,34,25.5,22,100.6,2.96,71,72,68,72,74,74,71,74
87,Stoke,West Ham,11/01/2014 15:00:00,12,11,4,16,2-2,9,9,2.38,3.4,3.25,2.4,3.2,2.95,2.4,3.4,3.1,2.42,3.37,3.22,2.4,3.1,3.1,30,26.4,23,128.85,4.3,36,24.8,21,123,3.42,76,75,74,76,75,74,72,75
88,Aston Villa,Tottenham,11/02/2014 16:00:00,15,10,11,11,1-2,9,9,3.75,3.6,2.1,3.6,3.5,2.1,3.6,3.5,2.1,3.89,3.53,2.08,3.8,3.1,2.1,38,24.3,20,127,3.34,42,23.7,25,298.25,7.1,72,74,74,75,78,77,77,78
89,Crystal Palace,Sunderland,11/03/2014 20:00:00,16,9,18,8,1-3,9,9,2.1,3.5,3.8,2.1,3.4,3.7,2.15,3.4,3.6,2.08,3.48,3.96,2.15,3.1,3.6,42,26,25,89.3,2.13,34,24.8,20,115.25,3.39,73,73,73,73,76,73,72,74
90,Liverpool,Chelsea,11/08/2014 12:45:00,7,14,1,26,1-2,10,10,3.4,3.4,2.3,3.1,3.25,2.3,3.25,3.4,2.3,3.36,3.46,2.31,3.4,3,2.3,35,23.4,21,285,8.14,38,23.9,28,526.1,13.84,79,78,75,79,82,82,81,83
91,Burnley,Hull,11/08/2014 15:00:00,20,4,14,11,1-0,10,10,2.5,3.4,3,2.5,3.2,2.8,2.5,3.3,2.9,2.52,3.36,3.07,2.6,3,2.9,30,25.5,13,36.75,1.23,35,26.1,24,122.25,3.49,71,70,71,70,75,73,70,73
92,Southampton,Leicester,11/08/2014 15:00:00,2,22,18,9,2-0,10,10,1.44,4.75,8,1.44,4.5,6.5,1.44,4.5,7.5,1.44,4.83,8.54,1.44,4,8,37,23.5,20,150.4,4.06,37,25.9,18,55.85,1.51,77,75,76,76,71,72,68,72
93,West Ham,Aston Villa,11/08/2014 15:00:00,5,17,16,10,0-0,10,10,1.75,3.75,5.5,1.75,3.6,4.6,1.75,3.6,5,1.75,3.73,5.52,1.75,3.4,5,36,24.8,21,123,3.42,38,24.3,20,127,3.34,75,74,72,75,72,74,74,75
94,QPR,Man City,11/08/2014 17:30:00,19,7,3,20,2-2,10,10,7,4.75,1.5,6,4.2,1.5,6,4.33,1.53,7.14,4.73,1.5,7,4,1.5,41,25.1,24,115.05,2.81,36,25.4,29,478,13.28,74,74,71,75,83,82,81,82
95,Sunderland,Everton,11/09/2014 13:30:00,15,11,9,13,1-1,10,10,4,3.5,2.05,3.6,3.3,2.05,3.6,3.5,2.05,4.07,3.48,2.05,3.8,3.2,2.05,34,24.8,20,115.25,3.39,40,24.3,19,177.5,4.44,76,73,72,74,78,78,78,78
96,Tottenham,Stoke,11/09/2014 13:30:00,8,14,13,12,1-2,10,10,1.7,4,5.5,1.7,3.6,5,1.66,3.75,5.5,1.69,3.91,5.81,1.7,3.4,5.5,42,23.7,25,298.25,7.1,30,26.4,23,128.85,4.3,78,77,77,78,76,75,74,76
97,West Brom,Newcastle,11/09/2014 13:30:00,11,13,12,13,0-2,10,10,2.3,3.5,3.3,2.3,3.3,3,2.3,3.4,3.1,2.26,3.45,3.47,2.3,3.1,3.3,34,25.5,22,100.6,2.96,42,22.9,26,139.85,3.33,74,74,71,74,74,75,74,75
98,Swansea,Arsenal,11/09/2014 16:00:00,6,15,4,17,2-1,10,10,3.75,3.5,2.1,3.3,3.3,2.15,3.6,3.5,2.05,3.59,3.5,2.19,3.5,3.1,2.2,36,24.3,30,107.7,2.99,42,23,29,404.35,9.63,77,74,74,75,80,80,77,80
99,Everton,West Ham,11/22/2014 15:00:00,10,14,4,18,2-1,11,11,1.85,3.8,4.5,1.85,3.6,4,1.83,3.75,4.33,1.85,3.82,4.59,1.91,3,4.8,40,24.3,19,177.5,4.44,36,24.8,21,123,3.42,78,78,78,78,75,74,72,75
100,Leicester,Sunderland,11/22/2014 15:00:00,18,9,14,12,0-0,11,11,2.1,3.5,3.8,2.15,3.4,3.2,2.1,3.4,3.6,2.1,3.51,3.87,2.15,2.9,4,37,25.9,18,55.85,1.51,34,24.8,20,115.25,3.39,71,72,68,72,76,73,72,74
101,Man City,Swansea,11/22/2014 15:00:00,3,21,5,18,2-1,11,11,1.4,5.25,8.5,1.4,4.6,7.5,1.4,5,7.5,1.39,5.36,8.85,1.4,4.33,9,36,25.4,29,478,13.28,36,24.3,30,107.7,2.99,83,82,81,82,77,74,74,75
102,Newcastle,QPR,11/22/2014 15:00:00,8,16,19,8,1-0,11,11,1.83,3.75,4.75,1.91,3.4,3.9,1.8,3.6,4.5,1.85,3.71,4.75,1.91,3.1,4.5,42,22.9,26,139.85,3.33,41,25.1,24,115.05,2.81,74,75,74,75,74,74,71,75
103,Stoke,Burnley,11/22/2014 15:00:00,9,15,20,7,1-2,11,11,1.7,3.8,5.75,1.72,3.6,4.75,1.73,3.75,5,1.68,3.89,5.9,1.73,3.1,6,30,26.4,23,128.85,4.3,30,25.5,13,36.75,1.23,76,75,74,76,71,70,71,70
104,Chelsea,West Brom,11/22/2014 15:00:00,1,29,13,13,2-0,11,11,1.25,6.5,15,1.25,5.75,10.5,1.22,6.5,15,1.24,6.64,15.21,1.25,5,15,38,23.9,28,526.1,13.84,34,25.5,22,100.6,2.96,82,82,81,83,74,74,71,74
105,Crystal Palace,Liverpool,11/23/2014 13:30:00,17,9,11,14,3-1,11,11,4.33,3.7,1.91,3.7,3.6,1.91,4.2,3.6,1.9,4.65,3.74,1.86,4.5,3,1.95,42,26,25,89.3,2.13,35,23.4,21,285,8.14,73,73,73,73,79,78,75,79
106,Hull,Tottenham,11/23/2014 16:00:00,15,11,12,14,1-2,11,11,3.6,3.4,2.2,3.25,3.3,2.2,3.4,3.4,2.2,3.72,3.46,2.16,3.6,2.87,2.25,35,26.1,24,122.25,3.49,42,23.7,25,298.25,7.1,75,73,70,73,78,77,77,78
107,Aston Villa,Southampton,11/24/2014 20:00:00,16,11,2,25,1-1,11,11,5.25,3.75,1.75,4.33,3.6,1.78,4.5,3.5,1.8,5.54,3.79,1.74,5,3.2,1.8,38,24.3,20,127,3.34,37,23.5,20,150.4,4.06,72,74,74,75,77,75,76,76
108,West Brom,Arsenal,11/29/2014 12:45:00,13,13,8,17,0-1,12,12,4.5,3.8,1.85,4.2,3.8,1.9,4.2,3.6,1.85,4.68,3.7,1.86,4.5,3.3,1.85,34,25.5,22,100.6,2.96,42,23,29,404.35,9.63,74,74,71,74,80,80,77,80
109,Burnley,Aston Villa,11/29/2014 15:00:00,19,10,16,12,1-1,12,12,2.15,3.4,3.75,2.2,3.2,3.25,2.2,3.25,3.3,2.15,3.38,3.85,2.2,3.1,3.5,30,25.5,13,36.75,1.23,38,24.3,20,127,3.34,71,70,71,70,72,74,74,75
110,Liverpool,Stoke,11/29/2014 15:00:00,12,14,11,15,1-0,12,12,1.73,4,5,1.75,4,4.75,1.66,4,5,1.74,3.91,5.31,1.73,3.5,5,35,23.4,21,285,8.14,30,26.4,23,128.85,4.3,79,78,75,79,76,75,74,76
111,QPR,Leicester,11/29/2014 15:00:00,20,8,18,10,3-2,12,12,2.38,3.4,3.25,2.38,3.2,3,2.25,3.4,3.2,2.32,3.41,3.38,2.38,3.1,3.2,41,25.1,24,115.05,2.81,37,25.9,18,55.85,1.51,74,74,71,75,71,72,68,72
112,Swansea,Crystal Palace,11/29/2014 15:00:00,7,18,15,12,1-1,12,12,1.8,3.75,5,1.83,3.6,4.1,1.75,3.5,4.8,1.81,3.73,5.04,1.83,3.4,4.5,36,24.3,30,107.7,2.99,42,26,25,89.3,2.13,77,74,74,75,73,73,73,73
113,West Ham,Newcastle,11/29/2014 15:00:00,6,18,15,12,1-0,12,12,2.15,3.5,3.6,2.2,3.3,3.3,2.15,3.4,3.4,2.12,3.54,3.76,2.2,3.1,3.5,36,24.8,21,123,3.42,42,22.9,26,139.85,3.33,75,74,72,75,74,75,74,75
114,Sunderland,Chelsea,11/29/2014 17:30:00,14,13,1,32,0-0,12,12,9,5,1.4,8,5,1.4,8,4.33,1.4,10.2,5.12,1.38,8,4.5,1.4,34,24.8,20,115.25,3.39,38,23.9,28,526.1,13.84,76,73,72,74,82,82,81,83
115,Southampton,Man City,11/30/2014 13:30:00,2,26,3,24,0-3,12,12,3.2,3.6,2.3,3.2,3.4,2.35,3.1,3.5,2.3,3.08,3.5,2.44,3.2,3,2.38,37,23.5,20,150.4,4.06,36,25.4,29,478,13.28,77,75,76,76,83,82,81,82
116,Tottenham,Everton,11/30/2014 16:00:00,10,17,9,17,2-1,12,12,2.25,3.6,3.25,2.35,3.4,3.2,2.3,3.5,3.2,2.24,3.58,3.39,2.38,3,3.2,42,23.7,25,298.25,7.1,40,24.3,19,177.5,4.44,78,77,77,78,78,78,78,78
117,Swansea,QPR,12/02/2014 19:45:00,8,19,18,11,2-0,13,13,1.73,3.8,5.5,1.75,3.5,4.75,1.75,3.75,5,1.72,3.96,5.38,1.75,3.4,5,36,24.3,30,107.7,2.99,41,25.1,24,115.05,2.81,77,74,74,75,74,74,71,75
118,Burnley,Newcastle,12/02/2014 19:45:00,19,11,9,19,1-1,13,13,2.8,3.3,2.75,2.8,3.1,2.75,2.8,3.25,2.62,2.87,3.29,2.72,2.8,3,2.75,30,25.5,13,36.75,1.23,42,22.9,26,139.85,3.33,71,70,71,70,74,75,74,75
119,Leicester,Liverpool,12/02/2014 19:45:00,20,10,11,17,1-3,13,13,3.8,3.6,2.05,3.6,3.5,2.1,3.75,3.6,2.05,3.8,3.58,2.09,3.75,3.1,2.1,37,25.9,18,55.85,1.51,35,23.4,21,285,8.14,71,72,68,72,79,78,75,79
120,Crystal Palace,Aston Villa,12/02/2014 20:00:00,14,13,16,13,0-1,13,13,2.1,3.4,4,2.1,3.2,3.6,2.15,3.3,3.75,2.08,3.42,4.05,2.15,3.1,3.8,42,26,25,89.3,2.13,38,24.3,20,127,3.34,73,73,73,73,72,74,74,75
121,West Brom,West Ham,12/02/2014 20:00:00,15,13,5,21,1-2,13,13,2.5,3.4,3,2.5,3.25,3,2.4,3.3,3,2.54,3.33,3.06,2.5,3,3,34,25.5,22,100.6,2.96,36,24.8,21,123,3.42,74,74,71,74,75,74,72,75
122,Chelsea,Tottenham,12/03/2014 19:45:00,1,33,7,20,3-0,13,13,1.4,5,9,1.4,4.75,8.5,1.4,4.75,8,1.44,4.93,8.02,1.4,4.2,9,38,23.9,28,526.1,13.84,42,23.7,25,298.25,7.1,82,82,81,83,78,77,77,78
123,Everton,Hull,12/03/2014 19:45:00,10,17,17,11,1-1,13,13,1.53,4.33,7,1.55,3.8,6,1.55,4,6,1.5,4.41,7.8,1.55,3.6,7,40,24.3,19,177.5,4.44,35,26.1,24,122.25,3.49,78,78,78,78,75,73,70,73
124,Sunderland,Man City,12/03/2014 19:45:00,13,14,2,27,1-4,13,13,7.5,4.5,1.5,7,4.1,1.53,6,4.33,1.53,7.23,4.67,1.5,6.5,3.8,1.53,34,24.8,20,115.25,3.39,36,25.4,29,478,13.28,76,73,72,74,83,82,81,82
125,Arsenal,Southampton,12/03/2014 19:45:00,6,20,3,26,1-0,13,13,1.8,3.75,5,1.8,3.7,4.75,1.8,3.6,4.5,1.78,3.86,5.02,1.8,3.4,4.6,42,23,29,404.35,9.63,37,23.5,20,150.4,4.06,80,80,77,80,77,75,76,76
126,Newcastle,Chelsea,12/06/2014 12:45:00,9,20,1,36,2-1,14,14,7,4.33,1.53,6.75,4,1.55,7,4,1.55,6.88,4.37,1.55,6.5,4,1.55,42,22.9,26,139.85,3.33,38,23.9,28,526.1,13.84,74,75,74,75,82,82,81,83
127,Hull,West Brom,12/06/2014 15:00:00,17,12,16,13,0-0,14,14,2.45,3.3,3.2,2.5,3.1,2.85,2.37,3.3,3.2,2.4,3.29,3.33,2.45,3.1,3.1,35,26.1,24,122.25,3.49,34,25.5,22,100.6,2.96,75,73,70,73,74,74,71,74
128,Liverpool,Sunderland,12/06/2014 15:00:00,8,20,14,14,0-0,14,14,1.5,4.5,7.5,1.53,4.1,7,1.53,4.2,6.5,1.52,4.46,7.25,1.53,4,6,35,23.4,21,285,8.14,34,24.8,20,115.25,3.39,79,78,75,79,76,73,72,74
129,QPR,Burnley,12/06/2014 15:00:00,19,11,18,12,2-0,14,14,2.05,3.5,4,2.1,3.2,3.5,2.1,3.4,3.8,2.08,3.38,4.1,2.1,3.25,3.6,41,25.1,24,115.05,2.81,30,25.5,13,36.75,1.23,74,74,71,75,71,70,71,70
130,Stoke,Arsenal,12/06/2014 15:00:00,13,15,6,23,3-2,14,14,4,3.6,2,3.75,3.3,2,4,3.5,2,4.2,3.48,2.02,4,3.2,2,30,26.4,23,128.85,4.3,42,23,29,404.35,9.63,76,75,74,76,80,80,77,80
131,Tottenham,Crystal Palace,12/06/2014 15:00:00,10,20,15,13,0-0,14,14,1.6,4.2,6,1.62,3.75,5.25,1.61,4,5.5,1.62,4.19,6.13,1.62,3.6,6,42,23.7,25,298.25,7.1,42,26,25,89.3,2.13,78,77,77,78,73,73,73,73
132,Man City,Everton,12/06/2014 17:30:00,2,30,11,18,1-0,14,14,1.5,4.75,7,1.53,4.5,6,1.53,4.5,6,1.52,4.75,6.68,1.53,4,6,36,25.4,29,478,13.28,40,24.3,19,177.5,4.44,83,82,81,82,78,78,78,78
133,West Ham,Swansea,12/07/2014 13:30:00,5,24,7,22,3-1,14,14,2.35,3.4,3.25,2.4,3.4,3,2.37,3.3,3.1,2.42,3.43,3.17,2.4,3.1,3.1,36,24.8,21,123,3.42,36,24.3,30,107.7,2.99,75,74,72,75,77,74,74,75
134,Aston Villa,Leicester,12/07/2014 16:00:00,12,16,20,10,2-1,14,14,2.4,3.4,3.2,2.4,3.2,3.2,2.3,3.3,3.3,2.37,3.4,3.28,2.4,3.1,3.1,38,24.3,20,127,3.34,37,25.9,18,55.85,1.51,72,74,74,75,71,72,68,72
135,Burnley,Southampton,12/13/2014 15:00:00,19,12,5,26,1-0,15,15,5.5,3.75,1.73,4.75,3.5,1.75,5,3.5,1.8,5.55,3.8,1.74,5,3.4,1.75,30,25.5,13,36.75,1.23,37,23.5,20,150.4,4.06,71,70,71,70,77,75,76,76
136,Chelsea,Hull,12/13/2014 15:00:00,1,36,18,13,2-0,15,15,1.18,8,18,1.18,6.25,15.5,1.16,7.5,19,1.18,7.92,20.96,1.2,6,15,38,23.9,28,526.1,13.84,35,26.1,24,122.25,3.49,82,82,81,83,75,73,70,73
137,Crystal Palace,Stoke,12/13/2014 15:00:00,15,14,13,18,1-1,15,15,2.6,3.25,3,2.62,3.25,2.85,2.5,3.2,3,2.57,3.29,3.06,2.62,3,2.9,42,26,25,89.3,2.13,30,26.4,23,128.85,4.3,73,73,73,73,76,75,74,76
138,Leicester,Man City,12/13/2014 15:00:00,20,10,2,33,0-1,15,15,7,4.75,1.5,5.5,4.6,1.5,6.5,4.5,1.5,6.77,4.74,1.51,6,4.33,1.5,37,25.9,18,55.85,1.51,36,25.4,29,478,13.28,71,72,68,72,83,82,81,82
139,Sunderland,West Ham,12/13/2014 15:00:00,14,15,4,27,1-1,15,15,2.95,3.4,2.55,2.85,3.25,2.62,2.8,3.3,2.6,2.98,3.41,2.55,2.9,3,2.62,34,24.8,20,115.25,3.39,36,24.8,21,123,3.42,76,73,72,74,75,74,72,75
140,West Brom,Aston Villa,12/13/2014 15:00:00,16,14,11,19,1-0,15,15,2.15,3.4,3.8,2.15,3.25,3.4,2.15,3.3,3.5,2.14,3.37,3.92,2.15,3.1,3.6,34,25.5,22,100.6,2.96,38,24.3,20,127,3.34,74,74,71,74,72,74,74,75
141,Arsenal,Newcastle,12/13/2014 17:30:00,6,23,7,23,4-1,15,15,1.44,4.75,8,1.45,4.33,6.5,1.45,4.5,7,1.45,4.95,7.88,1.44,4,8,42,23,29,404.35,9.63,42,22.9,26,139.85,3.33,80,80,77,80,74,75,74,75
142,Swansea,Tottenham,12/14/2014 16:00:00,8,22,10,21,1-2,15,15,2.5,3.4,3,2.5,3.25,2.75,2.5,3.4,2.8,2.5,3.47,3.02,2.5,3,3,36,24.3,30,107.7,2.99,42,23.7,25,298.25,7.1,77,74,74,75,78,77,77,78
143,Everton,QPR,12/15/2014 20:00:00,12,18,17,14,3-1,15,15,1.45,4.5,8.5,1.45,4.25,6.75,1.44,4.5,7.5,1.47,4.65,7.9,1.44,4,8,40,24.3,19,177.5,4.44,41,25.1,24,115.05,2.81,78,78,78,78,74,74,71,75
144,Man City,Crystal Palace,12/20/2014 12:45:00,2,36,16,15,3-0,16,16,1.29,6,12,1.3,5.5,11,1.3,5.5,10,1.31,5.7,12.44,1.3,5,11,36,25.4,29,478,13.28,42,26,25,89.3,2.13,83,82,81,82,73,73,73,73
145,QPR,West Brom,12/20/2014 15:00:00,18,14,14,17,3-2,16,16,2.45,3.3,3.2,2.45,3.3,3,2.3,3.3,3.2,2.48,3.37,3.13,2.5,3.2,2.8,41,25.1,24,115.05,2.81,34,25.5,22,100.6,2.96,74,74,71,75,74,74,71,74
146,Southampton,Everton,12/20/2014 15:00:00,5,26,10,21,3-0,16,16,2.45,3.5,3,2.5,3.4,2.9,2.45,3.3,3,2.47,3.46,3.06,2.5,3.2,2.8,37,23.5,20,150.4,4.06,40,24.3,19,177.5,4.44,77,75,76,76,78,78,78,78
147,Tottenham,Burnley,12/20/2014 15:00:00,7,24,17,15,2-1,16,16,1.5,4.5,7.5,1.5,4.1,6.25,1.53,4.2,6.5,1.49,4.63,7.52,1.5,4,7,42,23.7,25,298.25,7.1,30,25.5,13,36.75,1.23,78,77,77,78,71,70,71,70
148,West Ham,Leicester,12/20/2014 15:00:00,4,28,20,10,2-0,16,16,1.75,3.9,5,1.75,3.5,4.75,1.7,3.75,5.5,1.72,4.03,5.2,1.73,3.5,5,36,24.8,21,123,3.42,37,25.9,18,55.85,1.51,75,74,72,75,71,72,68,72
149,Hull,Swansea,12/20/2014 15:00:00,19,13,9,22,0-1,16,16,3.1,3.3,2.5,2.9,3.25,2.6,2.87,3.2,2.6,3.08,3.33,2.53,2.8,3.1,2.6,35,26.1,24,122.25,3.49,36,24.3,30,107.7,2.99,75,73,70,73,77,74,74,75
150,Newcastle,Sunderland,12/21/2014 13:30:00,8,23,15,16,0-1,16,16,2.05,3.5,4,2.1,3.4,3.75,2,3.4,4,2.1,3.44,3.97,2.1,3.2,3.6,42,22.9,26,139.85,3.33,34,24.8,20,115.25,3.39,74,75,74,75,76,73,72,74
151,Liverpool,Arsenal,12/21/2014 16:00:00,11,21,6,26,2-2,16,16,2.8,3.5,2.6,2.75,3.4,2.62,2.8,3.4,2.5,2.78,3.59,2.62,2.8,3.1,2.62,35,23.4,21,285,8.14,42,23,29,404.35,9.63,79,78,75,79,80,80,77,80
152,Stoke,Chelsea,12/22/2014 20:00:00,12,19,1,39,0-2,16,16,6.25,4,1.62,5.75,3.75,1.67,6,4,1.57,6.21,4.1,1.62,6,3.4,1.67,30,26.4,23,128.85,4.3,38,23.9,28,526.1,13.84,76,75,74,76,82,82,81,83
153,Chelsea,West Ham,12/26/2014 12:45:00,1,42,4,31,2-0,17,17,1.33,5.75,10,1.33,5,8.75,1.33,5.25,9,1.35,5.56,10.33,1.33,5,9,38,23.9,28,526.1,13.84,36,24.8,21,123,3.42,82,82,81,83,75,74,72,75
154,Crystal Palace,Southampton,12/26/2014 15:00:00,17,15,5,29,1-3,17,17,3.75,3.4,2.15,3.3,3.2,2.2,3.5,3.3,2.2,3.66,3.4,2.21,3.5,3.1,2.2,42,26,25,89.3,2.13,37,23.5,20,150.4,4.06,73,73,73,73,77,75,76,76
155,Everton,Stoke,12/26/2014 15:00:00,11,21,13,19,0-1,17,17,1.83,3.6,5,1.83,3.4,4.33,1.75,3.6,5,1.83,3.65,5.03,1.8,3.5,4.5,40,24.3,19,177.5,4.44,30,26.4,23,128.85,4.3,78,78,78,78,76,75,74,76
156,Burnley,Liverpool,12/26/2014 15:00:00,18,15,10,22,0-1,17,17,4.75,3.8,1.8,4.2,3.5,1.83,4.5,3.6,1.83,4.8,3.97,1.79,4.2,3.75,1.8,30,25.5,13,36.75,1.23,35,23.4,21,285,8.14,71,70,71,70,79,78,75,79
157,Leicester,Tottenham,12/26/2014 15:00:00,20,10,7,27,1-2,17,17,3.8,3.6,2.05,3.5,3.4,2.05,3.75,3.5,2.05,3.75,3.55,2.12,3.75,3.1,2.1,37,25.9,18,55.85,1.51,42,23.7,25,298.25,7.1,71,72,68,72,78,77,77,78
158,Sunderland,Hull,12/26/2014 15:00:00,14,19,19,13,1-3,17,17,2.05,3.4,4.2,2.05,3.2,3.75,2.05,3.3,4,2.06,3.37,4.22,2.05,3.2,3.75,34,24.8,20,115.25,3.39,35,26.1,24,122.25,3.49,76,73,72,74,75,73,70,73
159,Swansea,Aston Villa,12/26/2014 15:00:00,8,25,12,20,1-0,17,17,1.75,3.75,5.25,1.78,3.4,4.75,1.75,3.5,5,1.77,3.74,5.32,1.73,3.5,5,36,24.3,30,107.7,2.99,38,24.3,20,127,3.34,77,74,74,75,72,74,74,75
160,West Brom,Man City,12/26/2014 15:00:00,15,17,2,39,1-3,17,17,6.5,4.5,1.53,5.5,4.2,1.53,6.5,4,1.53,6.65,4.45,1.55,7,4,1.5,34,25.5,22,100.6,2.96,36,25.4,29,478,13.28,74,74,71,74,83,82,81,82
161,Arsenal,QPR,12/26/2014 17:30:00,6,27,16,17,2-1,17,17,1.29,6,13,1.29,5.5,9.25,1.29,5.5,11,1.28,6.4,12.51,1.28,5,11,42,23,29,404.35,9.63,41,25.1,24,115.05,2.81,80,80,77,80,74,74,71,75
162,Southampton,Chelsea,12/28/2014 14:05:00,4,32,1,45,1-1,18,18,4.75,3.75,1.83,4.6,3.6,1.83,4.5,3.75,1.8,4.83,3.65,1.85,4.5,3.3,1.85,37,23.5,20,150.4,4.06,38,23.9,28,526.1,13.84,77,75,76,76,82,82,81,83
163,West Ham,Arsenal,12/28/2014 15:00:00,5,31,6,30,1-2,18,18,3.5,3.5,2.2,3.1,3.4,2.2,3.4,3.6,2.05,3.53,3.64,2.17,3.3,3.3,2.2,36,24.8,21,123,3.42,42,23,29,404.35,9.63,75,74,72,75,80,80,77,80
164,Aston Villa,Sunderland,12/28/2014 15:00:00,13,20,14,19,0-0,18,18,2.35,3.3,3.4,2.35,3.1,3.1,2.3,3.2,3.2,2.33,3.26,3.5,2.4,3.1,3.1,38,24.3,20,127,3.34,34,24.8,20,115.25,3.39,72,74,74,75,76,73,72,74
165,Hull,Leicester,12/28/2014 15:00:00,17,16,20,10,0-1,18,18,2.25,3.4,3.5,2.25,3.25,3.1,2.2,3.25,3.3,2.28,3.38,3.5,2.25,3.2,3.3,35,26.1,24,122.25,3.49,37,25.9,18,55.85,1.51,75,73,70,73,71,72,68,72
166,Man City,Burnley,12/28/2014 15:00:00,2,42,19,15,2-2,18,18,1.18,8,19,1.18,6.5,15.5,1.18,7,15,1.16,8.55,22.5,1.17,6.5,19,36,25.4,29,478,13.28,30,25.5,13,36.75,1.23,83,82,81,82,71,70,71,70
167,QPR,Crystal Palace,12/28/2014 15:00:00,16,17,18,15,0-0,18,18,2.38,3.4,3.25,2.4,3.3,2.85,2.25,3.3,3.2,2.47,3.34,3.15,2.4,3.1,3.1,41,25.1,24,115.05,2.81,42,26,25,89.3,2.13,74,74,71,75,73,73,73,73
168,Stoke,West Brom,12/28/2014 15:00:00,11,22,15,17,2-0,18,18,1.91,3.6,4.5,1.91,3.6,3.7,1.83,3.5,4.33,1.9,3.51,4.78,1.91,3.1,4.5,30,26.4,23,128.85,4.3,34,25.5,22,100.6,2.96,76,75,74,76,74,74,71,74
169,Newcastle,Everton,12/28/2014 16:15:00,10,23,12,21,3-2,18,18,2.9,3.4,2.6,2.8,3.3,2.6,2.6,3.4,2.6,2.98,3.42,2.55,2.8,3.1,2.62,42,22.9,26,139.85,3.33,40,24.3,19,177.5,4.44,74,75,74,75,78,78,78,78
170,Liverpool,Swansea,12/29/2014 20:00:00,9,25,8,28,4-1,18,18,1.7,4,5.5,1.7,4,5,1.67,3.8,5,1.71,3.91,5.55,1.73,3.5,5,35,23.4,21,285,8.14,36,24.3,30,107.7,2.99,79,78,75,79,77,74,74,75
171,Aston Villa,Crystal Palace,01/01/2015 15:00:00,13,21,18,16,0-0,19,19,2.4,3.3,3.3,2.4,3.2,2.9,2.38,3.25,3.3,2.43,3.24,3.33,2.4,3.1,3.1,38,24.3,20,127,3.34,42,26,25,89.3,2.13,72,74,74,75,73,73,73,73
172,Hull,Everton,01/01/2015 15:00:00,17,16,12,21,2-0,19,19,3.4,3.4,2.3,3,3.3,2.3,3.4,3.25,2.3,3.44,3.39,2.3,3.2,3.2,2.3,35,26.1,24,122.25,3.49,40,24.3,19,177.5,4.44,75,73,70,73,78,78,78,78
173,Liverpool,Leicester,01/01/2015 15:00:00,8,28,20,13,2-2,19,19,1.4,5,9,1.4,5,7.75,1.44,4.5,8,1.42,5.04,8.38,1.4,4.5,8,35,23.4,21,285,8.14,37,25.9,18,55.85,1.51,79,78,75,79,71,72,68,72
174,Man City,Sunderland,01/01/2015 15:00:00,2,43,14,20,3-2,19,19,1.22,7,15,1.25,6,10,1.25,6,13,1.25,6.87,13.85,1.25,5,15,36,25.4,29,478,13.28,34,24.8,20,115.25,3.39,83,82,81,82,76,73,72,74
175,Newcastle,Burnley,01/01/2015 15:00:00,10,26,19,16,3-3,19,19,1.83,3.75,4.75,1.8,3.5,4.33,1.75,3.75,5,1.83,3.74,4.88,1.73,3.8,4.5,42,22.9,26,139.85,3.33,30,25.5,13,36.75,1.23,74,75,74,75,71,70,71,70
176,QPR,Swansea,01/01/2015 15:00:00,15,18,9,28,1-1,19,19,3,3.4,2.5,2.75,3.2,2.55,3,3.3,2.5,3.02,3.44,2.51,3,3,2.5,41,25.1,24,115.05,2.81,36,24.3,30,107.7,2.99,74,74,71,75,77,74,74,75
177,Southampton,Arsenal,01/01/2015 15:00:00,4,33,5,33,2-0,19,19,2.9,3.4,2.6,2.8,3.3,2.6,2.88,3.4,2.5,2.91,3.42,2.6,3,3,2.5,37,23.5,20,150.4,4.06,42,23,29,404.35,9.63,77,75,76,76,80,80,77,80
178,West Ham,West Brom,01/01/2015 15:00:00,6,31,16,17,1-1,19,19,1.85,3.75,4.5,1.8,3.6,4.2,1.83,3.6,4.5,1.88,3.71,4.56,1.85,3.3,4.5,36,24.8,21,123,3.42,34,25.5,22,100.6,2.96,75,74,72,75,74,74,71,74
179,Tottenham,Chelsea,01/01/2015 17:30:00,7,31,1,46,5-3,19,19,5,3.75,1.8,4.25,3.6,1.8,4.5,3.6,1.8,4.86,3.92,1.79,5,3.25,1.8,42,23.7,25,298.25,7.1,38,23.9,28,526.1,13.84,78,77,77,78,82,82,81,83
180,Sunderland,Liverpool,01/10/2015 12:45:00,14,20,8,29,0-1,20,20,4.5,3.6,1.91,3.8,3.5,1.91,4,3.5,1.95,4.58,3.59,1.91,4.33,3.2,1.95,34,24.8,20,115.25,3.39,35,23.4,21,285,8.14,76,73,72,74,79,78,75,79
181,Burnley,QPR,01/10/2015 15:00:00,19,17,16,19,2-1,20,20,2.2,3.4,3.6,2.2,3.25,3.25,2.2,3.3,3.4,2.16,3.47,3.7,2.2,3.3,3.3,30,25.5,13,36.75,1.23,41,25.1,24,115.05,2.81,71,70,71,70,74,74,71,75
182,Chelsea,Newcastle,01/10/2015 15:00:00,1,46,10,27,2-0,20,20,1.2,7.5,17,1.2,6,14.5,1.2,6.5,17,1.2,7.5,17.8,1.22,5.5,15,38,23.9,28,526.1,13.84,42,22.9,26,139.85,3.33,82,82,81,83,74,75,74,75
183,Everton,Man City,01/10/2015 15:00:00,13,21,2,46,1-1,20,20,4.5,3.75,1.85,4,3.4,1.9,4.33,3.75,1.85,4.52,3.81,1.86,4.33,3.3,1.91,40,24.3,19,177.5,4.44,36,25.4,29,478,13.28,78,78,78,78,83,82,81,82
184,Leicester,Aston Villa,01/10/2015 15:00:00,20,14,12,22,1-0,20,20,2.2,3.4,3.6,2.2,3.2,3.3,2.2,3.25,3.5,2.18,3.29,3.89,2.2,3.1,3.5,37,25.9,18,55.85,1.51,38,24.3,20,127,3.34,71,72,68,72,72,74,74,75
185,Swansea,West Ham,01/10/2015 15:00:00,9,29,7,32,1-1,20,20,2.25,3.5,3.4,2.25,3.2,3.2,2.3,3.4,3.2,2.24,3.42,3.55,2.3,3.2,3.2,36,24.3,30,107.7,2.99,36,24.8,21,123,3.42,77,74,74,75,75,74,72,75
186,West Brom,Hull,01/10/2015 15:00:00,17,18,15,19,1-0,20,20,2.05,3.4,4.2,2.05,3.4,3.5,2.05,3.25,4,2.04,3.32,4.4,2.05,3.1,4,34,25.5,22,100.6,2.96,35,26.1,24,122.25,3.49,74,74,71,74,75,73,70,73
187,Crystal Palace,Tottenham,01/10/2015 17:30:00,18,17,5,34,2-1,20,20,3.5,3.5,2.2,3.4,3.3,2.3,3.6,3.4,2.15,3.69,3.42,2.19,3.3,3.3,2.2,42,26,25,89.3,2.13,42,23.7,25,298.25,7.1,73,73,73,73,78,77,77,78
188,Arsenal,Stoke,01/11/2015 13:30:00,18,17,11,26,3-0,20,20,1.44,4.75,8,1.48,4.5,7.5,1.5,4.33,7,1.47,4.58,8.17,1.44,4.2,8,42,23,29,404.35,9.63,30,26.4,23,128.85,4.3,80,80,77,80,76,75,74,76
189,Swansea,Chelsea,01/17/2015 15:00:00,9,30,1,49,0-5,21,21,7,4.2,1.55,6,3.9,1.55,6.5,4,1.57,7.17,4.15,1.56,7,3.6,1.57,36,24.3,30,107.7,2.99,38,23.9,28,526.1,13.84,77,74,74,75,82,82,81,83
190,Tottenham,Sunderland,01/17/2015 15:00:00,6,34,16,20,2-1,21,21,1.62,4.2,6,1.62,3.9,5,1.61,4,5.5,1.59,4.26,6.4,1.62,3.6,6,42,23.7,25,298.25,7.1,34,24.8,20,115.25,3.39,78,77,77,78,76,73,72,74
191,Aston Villa,Liverpool,01/17/2015 15:00:00,13,22,8,32,0-2,21,21,4.5,3.6,1.91,4,3.4,1.91,4.5,3.5,1.85,4.88,3.55,1.88,4.33,3.3,1.91,38,24.3,20,127,3.34,35,23.4,21,285,8.14,72,74,74,75,79,78,75,79
192,Burnley,Crystal Palace,01/17/2015 15:00:00,17,20,15,20,2-3,21,21,2.55,3.25,3.1,2.55,3.25,2.9,2.4,3.2,3.2,2.57,3.22,3.13,2.5,3.2,2.9,30,25.5,13,36.75,1.23,42,26,25,89.3,2.13,71,70,71,70,73,73,73,73
193,Leicester,Stoke,01/17/2015 15:00:00,20,17,11,26,0-1,21,21,2.63,3.3,2.9,2.62,3.25,2.65,2.62,3.25,2.8,2.61,3.27,3.02,2.62,3.1,2.8,37,25.9,18,55.85,1.51,30,26.4,23,128.85,4.3,71,72,68,72,76,75,74,76
194,Newcastle,Southampton,01/17/2015 17:30:00,10,27,3,39,1-2,21,21,3.3,3.3,2.38,2.9,3.25,2.4,3.2,3.4,2.3,3.32,3.36,2.38,3.1,3.1,2.4,42,22.9,26,139.85,3.33,37,23.5,20,150.4,4.06,74,75,74,75,77,75,76,76
195,West Ham,Hull,01/18/2015 13:30:00,7,33,18,19,3-0,21,21,1.75,3.75,5.25,1.75,3.5,4.75,1.7,3.75,5.5,1.79,3.62,5.4,1.75,3.5,5,36,24.8,21,123,3.42,35,26.1,24,122.25,3.49,75,74,72,75,75,73,70,73
196,Man City,Arsenal,01/18/2015 16:00:00,2,47,5,36,0-2,21,21,1.8,4,4.5,1.8,3.7,4.1,1.8,3.8,4.5,1.8,4.06,4.57,1.83,3.8,4,36,25.4,29,478,13.28,42,23,29,404.35,9.63,83,82,81,82,80,80,77,80
197,Everton,West Brom,01/19/2015 20:00:00,12,22,14,21,0-0,21,21,1.85,3.6,4.75,1.85,3.4,4.2,1.75,3.6,5,1.85,3.67,4.84,1.85,3.4,4.5,40,24.3,19,177.5,4.44,34,25.5,22,100.6,2.96,78,78,78,78,74,74,71,74
198,Hull,Newcastle,01/31/2015 12:45:00,18,19,11,27,0-3,22,22,2.7,3.25,2.88,2.7,3.2,2.8,2.62,3.1,2.9,2.65,3.23,3,2.7,3.1,2.7,35,26.1,24,122.25,3.49,42,22.9,26,139.85,3.33,75,73,70,73,74,75,74,75
199,Crystal Palace,Everton,01/31/2015 15:00:00,13,23,12,23,0-1,22,22,2.8,3.3,2.75,2.8,3.1,2.75,2.75,3.25,2.62,2.8,3.24,2.82,2.7,3.1,2.7,42,26,25,89.3,2.13,40,24.3,19,177.5,4.44,73,73,73,73,78,78,78,78
200,Liverpool,West Ham,01/31/2015 15:00:00,8,35,7,36,2-0,22,22,1.67,4,5.75,1.7,3.8,4.5,1.7,4,5,1.65,4.2,5.67,1.7,3.4,5.5,35,23.4,21,285,8.14,36,24.8,21,123,3.42,79,78,75,79,75,74,72,75
201,Stoke,QPR,01/31/2015 15:00:00,10,29,19,19,3-1,22,22,1.65,4,6,1.7,3.8,4.5,1.66,3.75,5.5,1.65,4.01,6.09,1.7,3.4,5.5,30,26.4,23,128.85,4.3,41,25.1,24,115.05,2.81,76,75,74,76,74,74,71,75
202,Sunderland,Burnley,01/31/2015 15:00:00,16,20,17,20,2-0,22,22,2.25,3.3,3.6,2.25,3.2,3.2,2.15,3.25,3.75,2.25,3.32,3.64,2.25,3.1,3.4,34,24.8,20,115.25,3.39,30,25.5,13,36.75,1.23,76,73,72,74,71,70,71,70
203,West Brom,Tottenham,01/31/2015 15:00:00,14,22,6,37,0-3,22,22,2.9,3.3,2.63,2.75,3.1,2.62,2.9,3.25,2.5,2.88,3.26,2.73,2.8,3.1,2.62,34,25.5,22,100.6,2.96,42,23.7,25,298.25,7.1,74,74,71,74,78,77,77,78
204,Chelsea,Man City,01/31/2015 17:30:00,1,52,2,47,1-1,22,22,2.15,3.5,3.6,2.15,3.4,3.5,2.15,3.4,3.6,2.16,3.52,3.66,2.15,3.2,3.6,38,23.9,28,526.1,13.84,36,25.4,29,478,13.28,82,82,81,83,83,82,81,82
205,Arsenal,Aston Villa,02/01/2015 13:30:00,5,39,15,22,5-0,22,22,1.25,6.5,15,1.28,6,11,1.25,6,13,1.27,6.21,14.32,1.29,5,12,42,23,29,404.35,9.63,38,24.3,20,127,3.34,80,80,77,80,72,74,74,75
206,Southampton,Swansea,02/01/2015 16:00:00,3,42,9,30,0-1,22,22,1.6,4,6.5,1.62,3.9,6,1.61,3.75,6,1.62,3.99,6.62,1.62,3.6,6,37,23.5,20,150.4,4.06,36,24.3,30,107.7,2.99,77,75,76,76,77,74,74,75
207,Tottenham,Arsenal,02/07/2015 12:45:00,6,40,5,42,2-1,23,23,3.25,3.5,2.3,3.1,3.2,2.3,3.1,3.5,2.3,3.2,3.64,2.31,3.3,3.1,2.3,42,23.7,25,298.25,7.1,42,23,29,404.35,9.63,78,77,77,78,80,80,77,80
208,Leicester,Crystal Palace,02/07/2015 15:00:00,20,17,13,23,0-1,23,23,2.4,3.3,3.25,2.4,3.25,2.9,2.37,3.3,3.25,2.42,3.29,3.3,2.4,3.1,3.1,37,25.9,18,55.85,1.51,42,26,25,89.3,2.13,71,72,68,72,73,73,73,73
209,Man City,Hull,02/07/2015 15:00:00,2,48,18,19,1-1,23,23,1.18,8,19,1.19,6.5,13.5,1.2,7,17,1.19,8,18,1.2,6,17,36,25.4,29,478,13.28,35,26.1,24,122.25,3.49,83,82,81,82,75,73,70,73
210,QPR,Southampton,02/07/2015 15:00:00,19,19,4,42,0-1,23,23,4.75,3.6,1.85,4.2,3.4,1.85,4.33,3.5,1.9,4.62,3.63,1.89,4.5,3.4,1.85,41,25.1,24,115.05,2.81,37,23.5,20,150.4,4.06,74,74,71,75,77,75,76,76
211,Swansea,Sunderland,02/07/2015 15:00:00,9,33,14,23,1-1,23,23,1.91,3.5,4.6,1.9,3.4,4,1.95,3.4,4.33,1.91,3.48,4.78,1.91,3.1,4.5,36,24.3,30,107.7,2.99,34,24.8,20,115.25,3.39,77,74,74,75,76,73,72,74
212,Aston Villa,Chelsea,02/07/2015 15:00:00,16,22,1,53,1-2,23,23,10,5.25,1.36,9,4.4,1.36,10.5,4.75,1.36,10.8,4.92,1.38,9.5,4.5,1.36,38,24.3,20,127,3.34,38,23.9,28,526.1,13.84,72,74,74,75,82,82,81,83
213,Everton,Liverpool,02/07/2015 17:30:00,12,26,7,38,0-0,23,23,3.4,3.4,2.3,3.2,3.4,2.3,3.2,3.4,2.3,3.36,3.47,2.3,3.3,3.1,2.3,40,24.3,19,177.5,4.44,35,23.4,21,285,8.14,78,78,78,78,79,78,75,79
214,Burnley,West Brom,02/08/2015 12:00:00,17,20,15,22,2-2,23,23,2.6,3.25,3,2.6,3.2,2.7,2.62,3.1,3,2.6,3.28,3.02,2.62,3.1,2.8,30,25.5,13,36.75,1.23,34,25.5,22,100.6,2.96,71,70,71,70,74,74,71,74
215,Newcastle,Stoke,02/08/2015 14:05:00,11,30,10,32,1-1,23,23,2.3,3.4,3.4,2.3,3.2,3.1,2.3,3.3,3.4,2.28,3.34,3.54,2.3,3.2,3.2,42,22.9,26,139.85,3.33,30,26.4,23,128.85,4.3,74,75,74,75,76,75,74,76
216,Sunderland,QPR,02/10/2015 19:45:00,14,24,19,19,0-2,24,24,1.91,3.6,4.5,1.91,3.5,4.25,1.87,3.5,4.5,1.9,3.69,4.5,1.91,3.3,4.33,34,24.8,20,115.25,3.39,41,25.1,24,115.05,2.81,76,73,72,74,74,74,71,75
217,Arsenal,Leicester,02/10/2015 19:45:00,6,42,20,17,2-1,24,24,1.29,6,12,1.29,5.5,11.5,1.3,5.5,10.5,1.29,6.14,12.21,1.29,5,11,42,23,29,404.35,9.63,37,25.9,18,55.85,1.51,80,80,77,80,71,72,68,72
218,Hull,Aston Villa,02/10/2015 19:45:00,18,20,16,22,2-0,24,24,2.38,3.1,3.5,2.3,3.2,3.4,2.3,3.1,3.5,2.34,3.16,3.63,2.3,3,3.4,35,26.1,24,122.25,3.49,38,24.3,20,127,3.34,75,73,70,73,72,74,74,75
219,Liverpool,Tottenham,02/10/2015 20:00:00,7,39,5,43,3-2,24,24,1.91,3.8,4.2,1.91,3.75,4,1.91,3.75,4,1.92,3.84,4.19,1.91,3.3,4.2,35,23.4,21,285,8.14,42,23.7,25,298.25,7.1,79,78,75,79,78,77,77,78
220,Chelsea,Everton,02/11/2015 19:45:00,1,56,12,27,1-0,24,24,1.33,5.5,11,1.33,5,8.25,1.33,5,9,1.33,5.68,11.14,1.33,4.8,10,38,23.9,28,526.1,13.84,40,24.3,19,177.5,4.44,82,82,81,83,78,78,78,78
221,Stoke,Man City,02/11/2015 19:45:00,10,33,2,49,1-4,24,24,5.75,3.8,1.7,5,3.6,1.7,5,3.75,1.7,5.64,3.98,1.69,5.5,3.5,1.7,30,26.4,23,128.85,4.3,36,25.4,29,478,13.28,76,75,74,76,83,82,81,82
222,Southampton,West Ham,02/11/2015 19:45:00,3,45,8,37,0-0,24,24,1.73,3.9,5.25,1.72,3.7,4.5,1.75,3.75,4.6,1.71,3.9,5.57,1.73,3.5,5,37,23.5,20,150.4,4.06,36,24.8,21,123,3.42,77,75,76,76,75,74,72,75
223,West Brom,Swansea,02/11/2015 20:00:00,15,23,9,34,2-0,24,24,2.55,3.25,3.1,2.55,3.2,2.75,2.5,3.2,2.9,2.48,3.27,3.21,2.5,3,3.1,34,25.5,22,100.6,2.96,36,24.3,30,107.7,2.99,74,74,71,74,77,74,74,75
224,Crystal Palace,Newcastle,02/11/2015 20:00:00,13,26,11,31,1-1,24,24,2.38,3.3,3.3,2.4,3.1,3,2.38,3.2,3.2,2.35,3.35,3.38,2.3,3.2,3.2,42,26,25,89.3,2.13,42,22.9,26,139.85,3.33,73,73,73,73,74,75,74,75
225,Aston Villa,Stoke,02/21/2015 15:00:00,18,22,10,33,1-2,25,25,2.7,3.2,2.9,2.65,3.1,2.7,2.6,3.2,2.9,2.64,3.25,3.01,2.7,3,2.75,38,24.3,20,127,3.34,30,26.4,23,128.85,4.3,72,74,74,75,76,75,74,76
226,Chelsea,Burnley,02/21/2015 15:00:00,1,59,19,21,1-1,25,25,1.2,7.5,17,1.2,6.25,12.5,1.18,7,17,1.21,7.45,17.66,1.2,6,17,38,23.9,28,526.1,13.84,30,25.5,13,36.75,1.23,82,82,81,83,71,70,71,70
227,Crystal Palace,Arsenal,02/21/2015 15:00:00,13,27,5,45,1-2,25,25,4.75,3.75,1.83,4.1,3.6,1.83,5,3.75,1.75,4.93,3.73,1.82,5,3.1,1.85,42,26,25,89.3,2.13,42,23,29,404.35,9.63,73,73,73,73,80,80,77,80
228,Hull,QPR,02/21/2015 15:00:00,16,23,17,22,2-1,25,25,2.05,3.3,4.2,2.05,3.25,3.6,2.05,3.3,4,2.08,3.46,3.99,2.1,3.1,3.75,35,26.1,24,122.25,3.49,41,25.1,24,115.05,2.81,75,73,70,73,74,74,71,75
229,Sunderland,West Brom,02/21/2015 15:00:00,15,24,14,26,0-0,25,25,2.7,3.2,2.9,2.7,3,2.75,2.5,3.2,3,2.67,3.2,2.99,2.75,2.9,2.8,34,24.8,20,115.25,3.39,34,25.5,22,100.6,2.96,76,73,72,74,74,74,71,74
230,Man City,Newcastle,02/21/2015 17:30:00,2,52,11,32,5-0,25,25,1.3,6,11,1.3,5.25,9,1.3,5.5,11,1.3,6.07,11.7,1.3,4.5,13,36,25.4,29,478,13.28,42,22.9,26,139.85,3.33,83,82,81,82,74,75,74,75
231,Tottenham,West Ham,02/22/2015 12:00:00,6,43,8,38,2-2,25,25,1.8,3.8,4.75,1.83,3.6,4,1.83,3.6,4.33,1.83,4.02,4.46,1.83,3.2,4.8,42,23.7,25,298.25,7.1,36,24.8,21,123,3.42,78,77,77,78,75,74,72,75
232,Everton,Leicester,02/22/2015 14:05:00,12,27,20,17,2-2,25,25,1.83,3.6,5,1.83,3.5,4.2,1.83,3.6,4.5,1.86,3.62,4.84,1.83,3.2,4.8,40,24.3,19,177.5,4.44,37,25.9,18,55.85,1.51,78,78,78,78,71,72,68,72
233,Southampton,Liverpool,02/22/2015 16:15:00,4,46,7,42,0-2,25,25,2.63,3.3,2.9,2.6,3.25,2.65,2.45,3.3,3,2.5,3.38,3.09,2.62,3.1,2.75,37,23.5,20,150.4,4.06,35,23.4,21,285,8.14,77,75,76,76,79,78,75,79
234,West Ham,Crystal Palace,02/28/2015 12:45:00,8,39,13,27,1-3,26,26,2.15,3.4,3.75,2.15,3.4,3.5,1.95,3.5,3.9,2.14,3.4,3.86,2.15,3.1,3.6,36,24.8,21,123,3.42,42,26,25,89.3,2.13,75,74,72,75,73,73,73,73
235,Burnley,Swansea,02/28/2015 15:00:00,18,22,9,37,0-1,26,26,2.63,3.3,2.9,2.6,3.25,2.9,2.7,3.3,2.7,2.62,3.35,2.94,2.7,3.1,2.75,30,25.5,13,36.75,1.23,36,24.3,30,107.7,2.99,71,70,71,70,77,74,74,75
236,Newcastle,Aston Villa,02/28/2015 15:00:00,11,32,19,22,1-0,26,26,1.95,3.5,4.5,2,3.4,4,1.95,3.4,4.33,1.96,3.41,4.63,2,3.1,4.2,42,22.9,26,139.85,3.33,38,24.3,20,127,3.34,74,75,74,75,72,74,74,75
237,Stoke,Hull,02/28/2015 15:00:00,10,36,15,26,1-0,26,26,1.91,3.5,4.75,1.95,3.4,3.8,1.9,3.4,4.5,1.95,3.44,4.6,2,3.1,4.2,30,26.4,23,128.85,4.3,35,26.1,24,122.25,3.49,76,75,74,76,75,73,70,73
238,West Brom,Southampton,02/28/2015 15:00:00,14,27,5,46,1-0,26,26,3.4,3.2,2.38,3.5,3.2,2.25,3.3,3.2,2.37,3.48,3.24,2.36,3.1,3.1,2.4,34,25.5,22,100.6,2.96,37,23.5,20,150.4,4.06,74,74,71,74,77,75,76,76
239,Liverpool,Man City,03/01/2015 12:00:00,6,45,2,55,2-1,26,26,3.1,3.6,2.38,3,3.4,2.4,3.1,3.5,2.3,3.16,3.59,2.36,3.1,3.1,2.4,35,23.4,21,285,8.14,36,25.4,29,478,13.28,79,78,75,79,83,82,81,82
240,Arsenal,Everton,03/01/2015 14:05:00,3,48,12,28,2-0,26,26,1.57,4.5,6,1.57,4.2,6,1.55,4.33,6.5,1.55,4.47,6.6,1.57,3.75,6.5,42,23,29,404.35,9.63,40,24.3,19,177.5,4.44,80,80,77,80,78,78,78,78
241,Southampton,Crystal Palace,03/03/2015 19:45:00,6,46,12,30,1-0,27,27,1.7,3.8,5.75,1.7,3.6,5,1.7,3.75,5.5,1.71,3.79,5.86,1.7,3.3,6,37,23.5,20,150.4,4.06,42,26,25,89.3,2.13,77,75,76,76,73,73,73,73
242,Aston Villa,West Brom,03/03/2015 19:45:00,19,22,13,30,2-1,27,27,2.88,3.1,2.88,2.8,3.1,2.8,2.75,3.1,2.87,2.82,3.14,2.88,2.8,3,2.7,38,24.3,20,127,3.34,34,25.5,22,100.6,2.96,72,74,74,75,74,74,71,74
243,Hull,Sunderland,03/03/2015 19:45:00,15,26,16,25,1-1,27,27,2.15,3.3,3.9,2.15,3.2,3.75,2.15,3.3,3.8,2.22,3.24,3.82,2.1,3.1,3.8,35,26.1,24,122.25,3.49,34,24.8,20,115.25,3.39,75,73,70,73,76,73,72,74
244,West Ham,Chelsea,03/04/2015 19:45:00,9,39,1,60,0-1,27,26,6.25,4,1.62,5.75,4.1,1.62,6,4,1.61,6.25,4.18,1.61,5,4,1.62,36,24.8,21,123,3.42,38,23.9,28,526.1,13.84,75,74,72,75,82,82,81,83
245,Man City,Leicester,03/04/2015 19:45:00,2,55,20,18,2-0,27,26,1.25,7,13,1.25,6.5,11.5,1.25,6,12,1.26,6.63,12.62,1.25,5.5,13,36,25.4,29,478,13.28,37,25.9,18,55.85,1.51,83,82,81,82,71,72,68,72
246,Stoke,Everton,03/04/2015 19:45:00,10,39,14,28,2-0,27,27,2.5,3.3,3.1,2.5,3.2,2.8,2.4,3.3,3.1,2.44,3.36,3.2,2.5,3.1,3,30,26.4,23,128.85,4.3,40,24.3,19,177.5,4.44,76,75,74,76,78,78,78,78
247,Tottenham,Swansea,03/04/2015 19:45:00,7,44,8,40,3-2,26,27,1.75,3.8,5.25,1.75,3.5,4.75,1.75,3.8,4.8,1.74,3.99,5.15,1.75,3.4,5,42,23.7,25,298.25,7.1,36,24.3,30,107.7,2.99,78,77,77,78,77,74,74,75
248,QPR,Arsenal,03/04/2015 19:45:00,17,22,3,51,1-2,26,27,7,4.33,1.53,6,4.33,1.55,6,4.2,1.55,6.62,4.57,1.54,7,3.8,1.53,41,25.1,24,115.05,2.81,42,23,29,404.35,9.63,74,74,71,75,80,80,77,80
249,Liverpool,Burnley,03/04/2015 20:00:00,5,48,18,22,2-0,27,27,1.36,5.25,10,1.36,5,9.25,1.36,5,8.5,1.4,5.16,9.14,1.36,4.33,9.5,35,23.4,21,285,8.14,30,25.5,13,36.75,1.23,79,78,75,79,71,70,71,70
250,QPR,Tottenham,03/07/2015 15:00:00,18,22,7,47,1-2,27,27,4.75,3.9,1.8,4.5,3.8,1.8,4.5,3.6,1.8,4.67,3.98,1.8,5,3.2,1.83,41,25.1,24,115.05,2.81,42,23.7,25,298.25,7.1,74,74,71,75,78,77,77,78
251,Crystal Palace,QPR,03/14/2015 12:45:00,12,30,18,22,3-1,28,28,1.83,3.75,4.75,1.83,3.6,4.1,1.83,3.6,4.5,1.78,3.83,5.04,1.75,3.6,4.75,42,26,25,89.3,2.13,41,25.1,24,115.05,2.81,73,73,73,73,74,74,71,75
252,Arsenal,West Ham,03/14/2015 15:00:00,3,54,10,39,3-0,28,28,1.4,5,9,1.4,4.5,7.5,1.4,5,8,1.38,5.36,9.08,1.4,4.5,8,42,23,29,404.35,9.63,36,24.8,21,123,3.42,80,80,77,80,75,74,72,75
253,Leicester,Hull,03/14/2015 15:00:00,20,18,15,27,0-0,27,28,2.2,3.3,3.75,2.2,3.25,3.25,2.25,3.2,3.4,2.21,3.29,3.78,2.25,3.1,3.4,37,25.9,18,55.85,1.51,35,26.1,24,122.25,3.49,71,72,68,72,75,73,70,73
254,Sunderland,Aston Villa,03/14/2015 15:00:00,16,26,17,25,0-4,28,28,2.38,3.25,3.4,2.35,3.1,3.1,2.4,3.1,3.25,2.31,3.25,3.57,2.4,3,3.2,34,24.8,20,115.25,3.39,38,24.3,20,127,3.34,76,73,72,74,72,74,74,75
255,West Brom,Stoke,03/14/2015 15:00:00,13,30,8,42,1-0,28,28,2.38,3.25,3.4,2.35,3,3.2,2.4,3.2,3.2,2.38,3.23,3.44,2.4,3,3.25,34,25.5,22,100.6,2.96,30,26.4,23,128.85,4.3,74,74,71,74,76,75,74,76
256,Burnley,Man City,03/14/2015 17:30:00,19,22,2,58,1-0,28,28,7.5,5,1.44,6.5,4.5,1.44,7,4.5,1.45,7.62,4.85,1.46,7,4.5,1.44,30,25.5,13,36.75,1.23,36,25.4,29,478,13.28,71,70,71,70,83,82,81,82
257,Chelsea,Southampton,03/15/2015 13:30:00,1,63,7,49,1-1,27,28,1.62,4,6.5,1.62,3.9,6,1.57,4,6.5,1.62,4,6.55,1.62,3.6,6,38,23.9,28,526.1,13.84,37,23.5,20,150.4,4.06,82,82,81,83,77,75,76,76
258,Everton,Newcastle,03/15/2015 16:00:00,14,28,11,35,3-0,28,28,1.83,3.75,4.75,1.83,3.5,4.2,1.83,3.5,4.5,1.82,3.67,5.05,1.85,3.4,4.5,40,24.3,19,177.5,4.44,42,22.9,26,139.85,3.33,78,78,78,78,74,75,74,75
259,Swansea,Liverpool,03/16/2015 20:00:00,9,40,5,51,0-1,28,28,4,3.6,2,3.9,3.5,2,3.75,3.4,2.05,4.24,3.51,2,4,3.1,2.05,36,24.3,30,107.7,2.99,35,23.4,21,285,8.14,77,74,74,75,79,78,75,79
260,Man City,West Brom,03/21/2015 12:45:00,2,58,13,33,3-0,29,29,1.3,5.5,8.5,1.3,5,10,1.3,5.5,10,1.32,5.85,10.89,1.33,5,9,36,25.4,29,478,13.28,34,25.5,22,100.6,2.96,83,82,81,82,74,74,71,74
261,Tottenham,Leicester,03/21/2015 15:00:00,7,50,20,19,4-3,29,28,1.53,4,6,1.6,4,5.25,1.53,4.2,6,1.59,4.36,6.15,1.6,4,5.5,42,23.7,25,298.25,7.1,37,25.9,18,55.85,1.51,78,77,77,78,71,72,68,72
262,Newcastle,Arsenal,03/21/2015 15:00:00,11,35,3,57,1-2,29,29,6,3.8,1.57,5.5,3.8,1.6,5.25,4,1.65,6.15,4.34,1.6,6,3.75,1.6,42,22.9,26,139.85,3.33,42,23,29,404.35,9.63,74,75,74,75,80,80,77,80
263,Southampton,Burnley,03/21/2015 15:00:00,6,50,18,25,2-0,29,29,1.4,4.5,7.5,1.45,4.2,7,1.44,4.33,7.5,1.46,4.55,8.5,1.44,4,8,37,23.5,20,150.4,4.06,30,25.5,13,36.75,1.23,77,75,76,76,71,70,71,70
264,Stoke,Crystal Palace,03/21/2015 15:00:00,8,42,12,33,1-2,29,29,2.1,3.3,3.5,2.2,3.1,3.4,2.1,3.3,3.75,2.16,3.34,3.88,2.15,3.2,3.5,30,26.4,23,128.85,4.3,42,26,25,89.3,2.13,76,75,74,76,73,73,73,73
265,Aston Villa,Swansea,03/21/2015 15:00:00,16,28,9,40,0-1,29,29,2.5,3.25,2.8,2.5,3,3,2.4,3.25,3,2.52,3.22,3.2,2.4,3.1,3.1,38,24.3,20,127,3.34,36,24.3,30,107.7,2.99,72,74,74,75,77,74,74,75
266,West Ham,Sunderland,03/21/2015 17:30:00,10,39,17,26,1-0,29,29,1.8,3.5,4.5,1.85,3.4,4.25,1.85,3.5,4.33,1.81,3.69,5.14,1.85,3.5,4.33,36,24.8,21,123,3.42,34,24.8,20,115.25,3.39,75,74,72,75,76,73,72,74
267,QPR,Everton,03/22/2015 16:00:00,19,22,14,31,1-2,29,29,3.3,3.4,2.15,3.25,3.25,2.2,3.3,3.4,2.2,3.55,3.42,2.25,3.3,3.3,2.2,41,25.1,24,115.05,2.81,40,24.3,19,177.5,4.44,74,74,71,75,78,78,78,78
268,Hull,Chelsea,03/22/2015 16:00:00,15,28,1,64,2-3,29,28,7,4.33,1.44,6.75,4.25,1.45,7.5,4.33,1.44,8.52,4.42,1.48,7,4,1.5,35,26.1,24,122.25,3.49,38,23.9,28,526.1,13.84,75,73,70,73,82,82,81,83
269,Arsenal,Liverpool,04/04/2015 12:45:00,3,60,5,54,4-1,30,30,1.83,3.75,4.2,1.85,3.6,4,1.85,3.75,4.2,1.85,3.89,4.51,1.83,3.4,4.5,42,23,29,404.35,9.63,35,23.4,21,285,8.14,80,80,77,80,79,78,75,79
270,Leicester,West Ham,04/04/2015 15:00:00,20,19,9,42,2-1,29,30,2.38,3.3,3.1,2.3,3.3,3,2.38,3.3,3.1,2.33,3.54,3.24,2.25,3.4,3.1,37,25.9,18,55.85,1.51,36,24.8,21,123,3.42,71,72,68,72,75,74,72,75
271,Swansea,Hull,04/04/2015 15:00:00,8,43,15,28,3-1,30,30,1.91,3.5,4.2,1.91,3.3,4.1,1.83,3.5,4.5,1.97,3.4,4.56,2,3.1,4.2,36,24.3,30,107.7,2.99,35,26.1,24,122.25,3.49,77,74,74,75,75,73,70,73
272,West Brom,QPR,04/04/2015 15:00:00,14,33,19,22,1-4,30,30,1.8,3.5,4.5,1.75,3.5,4.75,1.75,3.5,5,1.78,3.67,5.41,1.73,3.3,5.5,34,25.5,22,100.6,2.96,41,25.1,24,115.05,2.81,74,74,71,74,74,74,71,75
273,Everton,Southampton,04/04/2015 15:00:00,13,34,6,53,1-0,30,30,2.63,3.2,2.8,2.6,3.1,2.75,2.6,3.2,2.88,2.73,3.3,2.85,2.6,3.1,2.8,40,24.3,19,177.5,4.44,37,23.5,20,150.4,4.06,78,78,78,78,77,75,76,76
274,Chelsea,Stoke,04/04/2015 17:30:00,1,67,10,42,2-1,29,30,1.29,5.5,11,1.28,5.25,10.5,1.29,5.5,12,1.27,6.06,14.38,1.29,5,12,38,23.9,28,526.1,13.84,30,26.4,23,128.85,4.3,82,82,81,83,76,75,74,76
275,Burnley,Tottenham,04/05/2015 13:30:00,18,25,7,53,0-0,30,30,3.5,3.4,2.1,3.6,3.5,2.1,3.6,3.5,2.05,3.5,3.63,2.18,3.5,3.1,2.2,30,25.5,13,36.75,1.23,42,23.7,25,298.25,7.1,71,70,71,70,78,77,77,78
276,Sunderland,Newcastle,04/05/2015 16:00:00,17,26,12,35,1-0,30,30,2.5,3.1,3.1,2.5,3.2,2.8,2.4,3.25,3.1,2.59,3.29,3.03,2.62,3.1,2.8,34,24.8,20,115.25,3.39,42,22.9,26,139.85,3.33,76,73,72,74,74,75,74,75
277,Crystal Palace,Man City,04/06/2015 20:00:00,11,36,2,61,2-1,30,30,5,4,1.67,5,4,1.7,5,4,1.67,5.6,4.03,1.68,4.8,3.8,1.7,42,26,25,89.3,2.13,36,25.4,29,478,13.28,73,73,73,73,83,82,81,82
278,Aston Villa,QPR,04/07/2015 19:45:00,17,28,19,25,3-3,31,31,2.15,3.4,3.8,2.15,3.3,3.3,2.1,3.4,3.75,2.1,3.43,3.95,2.15,3.2,3.6,38,24.3,20,127,3.34,41,25.1,24,115.05,2.81,72,74,74,75,74,74,71,75
279,Swansea,Everton,04/11/2015 12:45:00,8,46,12,37,1-1,31,31,2.5,3.3,3.1,2.5,3.3,2.95,2.4,3.3,3.1,2.48,3.31,3.17,2.5,3.2,2.9,36,24.3,30,107.7,2.99,40,24.3,19,177.5,4.44,77,74,74,75,78,78,78,78
280,West Ham,Stoke,04/11/2015 15:00:00,9,42,10,42,1-1,31,31,2.3,3.4,3.4,2.3,3.2,3.1,2.2,3.4,3.4,2.33,3.37,3.4,2.3,3.2,3.2,36,24.8,21,123,3.42,30,26.4,23,128.85,4.3,75,74,72,75,76,75,74,76
281,Southampton,Hull,04/11/2015 15:00:00,7,53,17,28,2-0,31,31,1.53,4.2,7.5,1.53,3.8,6.5,1.5,4,8,1.53,4.18,7.8,1.53,3.75,7,37,23.5,20,150.4,4.06,35,26.1,24,122.25,3.49,77,75,76,76,75,73,70,73
282,Sunderland,Crystal Palace,04/11/2015 15:00:00,,29,11,39,1-4,31,31,2.9,3.2,2.7,2.75,3.1,2.6,2.75,3.1,2.75,3,3.18,2.68,2.7,3.1,2.7,34,24.8,20,115.25,3.39,42,26,25,89.3,2.13,76,73,72,74,73,73,73,73
283,Tottenham,Aston Villa,04/11/2015 15:00:00,6,54,,29,0-1,31,32,1.62,4.2,6,1.62,4.1,5.5,1.62,4,5.75,1.63,4.26,5.93,1.62,3.8,5.5,42,23.7,25,298.25,7.1,38,24.3,20,127,3.34,78,77,77,78,72,74,74,75
284,West Brom,Leicester,04/11/2015 15:00:00,14,33,20,22,2-3,31,30,2.3,3.4,3.4,2.2,3.25,3.2,2.2,3.4,3.5,2.33,3.38,3.39,2.3,3.2,3.2,34,25.5,22,100.6,2.96,37,25.9,18,55.85,1.51,74,74,71,74,71,72,68,72
285,Burnley,Arsenal,04/11/2015 17:30:00,,26,2,63,0-1,31,31,6.5,4.33,1.57,6.25,4.1,1.57,6,4.2,1.57,6.25,4.35,1.58,6,3.8,1.57,30,25.5,13,36.75,1.23,42,23,29,404.35,9.63,71,70,71,70,80,80,77,80
286,QPR,Chelsea,04/12/2015 13:30:00,,26,1,70,0-1,32,30,9,5,1.4,8,5,1.4,8.5,4.8,1.4,9.2,4.99,1.4,8,4.5,1.4,41,25.1,24,115.05,2.81,38,23.9,28,526.1,13.84,74,74,71,75,82,82,81,83
287,Liverpool,Newcastle,04/13/2015 20:00:00,5,54,13,35,2-0,31,31,1.4,5,9,1.4,5,8.25,1.44,4.5,8,1.4,5.05,9.45,1.4,4.5,8,35,23.4,21,285,8.14,42,22.9,26,139.85,3.33,79,78,75,79,74,75,74,75
288,Crystal Palace,West Brom,04/18/2015 15:00:00,11,42,14,33,0-2,32,32,1.95,3.5,4.5,1.95,3.4,3.75,1.95,3.5,4,1.92,3.5,4.69,1.95,3.25,4.2,42,26,25,89.3,2.13,34,25.5,22,100.6,2.96,73,73,73,73,74,74,71,74
289,Everton,Burnley,04/18/2015 15:00:00,12,38,,26,1-0,32,32,1.73,3.8,5.5,1.72,3.8,5,1.73,3.75,5,1.76,3.81,5.29,1.75,3.5,5,40,24.3,19,177.5,4.44,30,25.5,13,36.75,1.23,78,78,78,78,71,70,71,70
290,Leicester,Swansea,04/18/2015 15:00:00,,25,8,47,2-0,31,32,2.15,3.4,3.75,2.15,3.3,3.3,2.2,3.4,3.4,2.1,3.53,3.83,2.15,3.3,3.4,37,25.9,18,55.85,1.51,36,24.3,30,107.7,2.99,71,72,68,72,77,74,74,75
291,Stoke,Southampton,04/18/2015 15:00:00,10,43,6,56,2-1,32,32,3.5,3.25,2.3,3,3.3,2.3,3.2,3.25,2.38,3.58,3.28,2.29,3.2,3.2,2.3,30,26.4,23,128.85,4.3,37,23.5,20,150.4,4.06,76,75,74,76,77,75,76,76
292,Man City,West Ham,04/19/2015 13:30:00,4,61,9,43,2-0,32,32,1.25,6.5,11,1.28,6,11,1.29,6,11,1.25,6.76,13.35,1.29,5,12,36,25.4,29,478,13.28,36,24.8,21,123,3.42,83,82,81,82,75,74,72,75
293,Newcastle,Tottenham,04/19/2015 16:00:00,13,35,7,54,1-3,32,32,3.3,3.5,2.3,3.3,3.3,2.3,3.2,3.4,2.3,3.3,3.53,2.32,3.2,3.1,2.38,42,22.9,26,139.85,3.33,42,23.7,25,298.25,7.1,74,75,74,75,78,77,77,78
294,Southampton,Tottenham,04/25/2015 12:45:00,7,56,6,57,2-2,33,33,2.1,3.5,3.8,2.1,3.4,3.7,2.1,3.4,3.75,2.05,3.49,4.06,2.1,3.1,3.75,37,23.5,20,150.4,4.06,42,23.7,25,298.25,7.1,77,75,76,76,78,77,77,78
295,Stoke,Sunderland,04/25/2015 15:00:00,9,46,17,29,1-1,33,32,1.91,3.5,4.75,1.91,3.4,3.9,1.9,3.4,4.5,1.93,3.45,4.73,1.95,3,4.5,30,26.4,23,128.85,4.3,34,24.8,20,115.25,3.39,76,75,74,76,76,73,72,74
296,West Brom,Liverpool,04/25/2015 15:00:00,13,36,5,57,0-0,32,33,4,3.6,2,4,3.6,1.95,4.1,3.6,1.95,4.15,3.51,2.02,4,3.1,2.05,34,25.5,22,100.6,2.96,35,23.4,21,285,8.14,74,74,71,74,79,78,75,79
297,Burnley,Leicester,04/25/2015 15:00:00,20,26,,28,0-1,33,32,2.63,3.3,2.9,2.55,3.3,2.8,2.45,3.3,3,2.5,3.34,3.1,2.62,2.88,3,30,25.5,13,36.75,1.23,37,25.9,18,55.85,1.51,71,70,71,70,71,72,68,72
298,Crystal Palace,Hull,04/25/2015 15:00:00,11,42,,28,0-2,33,32,2.05,3.3,4.2,2,3.3,4.1,2,3.4,4.2,2.09,3.34,4.16,2.1,3,4,42,26,25,89.3,2.13,35,26.1,24,122.25,3.49,73,73,73,73,75,73,70,73
299,Newcastle,Swansea,04/25/2015 15:00:00,14,35,8,47,2-3,33,33,2.45,3.25,3.25,2.45,3.2,2.85,2.45,3.3,3,2.42,3.33,3.26,2.5,2.9,3.1,42,22.9,26,139.85,3.33,36,24.3,30,107.7,2.99,74,75,74,75,77,74,74,75
300,QPR,West Ham,04/25/2015 15:00:00,19,26,10,43,0-0,33,33,2.38,3.4,3.25,2.38,3.2,2.95,2.38,3.4,3.2,2.39,3.47,3.2,2.4,3,3.2,41,25.1,24,115.05,2.81,36,24.8,21,123,3.42,74,74,71,75,75,74,72,75
301,Man City,Aston Villa,04/25/2015 17:30:00,4,64,15,32,3-2,33,33,1.29,6,12,1.28,5.75,12.5,1.3,5.75,10,1.27,6.45,12.4,1.29,4.8,12,36,25.4,29,478,13.28,38,24.3,20,127,3.34,83,82,81,82,72,74,74,75
302,Arsenal,Chelsea,04/26/2015 16:00:00,2,66,1,76,0-0,32,32,2.4,3.3,3.3,2.35,3.3,3.2,2.45,3.25,3.1,2.35,3.29,3.44,2.4,3.1,3.1,42,23,29,404.35,9.63,38,23.9,28,526.1,13.84,80,80,77,80,82,82,81,83
303,Hull,Liverpool,04/28/2015 19:45:00,,31,5,58,1-0,33,33,4.33,3.4,2,4.1,3.4,2,4,3.4,2,4.15,3.44,2.04,3.8,3.4,2,35,26.1,24,122.25,3.49,35,23.4,21,285,8.14,75,73,70,73,79,78,75,79
304,Leicester,Chelsea,04/29/2015 19:45:00,17,31,1,77,1-3,33,33,5.75,3.8,1.7,5.25,3.8,1.7,5.25,4,1.65,5.58,3.98,1.69,4.8,3.8,1.7,37,25.9,18,55.85,1.51,38,23.9,28,526.1,13.84,71,72,68,72,82,82,81,83
305,Leicester,Newcastle,05/02/2015 12:45:00,17,31,14,35,3-0,34,34,1.91,3.7,4.33,1.91,3.5,4.1,1.95,3.6,3.8,1.97,3.64,4.18,1.91,3.5,4,37,25.9,18,55.85,1.51,42,22.9,26,139.85,3.33,71,72,68,72,74,75,74,75
306,Swansea,Stoke,05/02/2015 15:00:00,8,50,9,47,2-0,34,34,2.3,3.4,3.4,2.3,3.1,3.2,2.15,3.3,3.5,2.28,3.43,3.45,2.3,3.2,3.2,36,24.3,30,107.7,2.99,30,26.4,23,128.85,4.3,77,74,74,75,76,75,74,76
307,West Ham,Burnley,05/02/2015 15:00:00,11,44,20,26,1-0,34,34,2.25,3.5,3.4,2.25,3.3,3.1,2.15,3.4,3.5,2.29,3.45,3.39,2.25,3.2,3.3,36,24.8,21,123,3.42,30,25.5,13,36.75,1.23,75,74,72,75,71,70,71,70
308,Aston Villa,Everton,05/02/2015 15:00:00,16,32,10,44,3-2,34,34,2.75,3.3,2.8,2.65,3.25,2.6,2.7,3.3,2.7,2.78,3.32,2.79,2.7,3.1,2.7,38,24.3,20,127,3.34,40,24.3,19,177.5,4.44,72,74,74,75,78,78,78,78
309,Liverpool,QPR,05/02/2015 15:00:00,5,58,19,27,2-1,34,34,1.36,5.25,10,1.36,5.25,8.75,1.4,5,8,1.38,5.2,9.56,1.4,4.5,8,35,23.4,21,285,8.14,41,25.1,24,115.05,2.81,79,78,75,79,74,74,71,75
310,Sunderland,Southampton,05/02/2015 15:00:00,18,30,7,57,2-1,33,34,4.2,3.4,2.05,3.6,3.25,2.05,4,3.3,2.05,4.04,3.44,2.08,4,3.1,2.05,34,24.8,20,115.25,3.39,37,23.5,20,150.4,4.06,76,73,72,74,77,75,76,76
311,Chelsea,Crystal Palace,05/03/2015 13:30:00,1,80,12,42,1-0,34,34,1.36,5.25,10,1.36,5,9.25,1.33,5,10,1.35,5.32,10.82,1.36,4.8,8.5,38,23.9,28,526.1,13.84,42,26,25,89.3,2.13,82,82,81,83,73,73,73,73
312,Tottenham,Man City,05/03/2015 16:00:00,6,58,,67,0-1,34,34,3.75,3.75,2.05,3.6,3.6,2.05,3.5,3.75,2.05,3.69,3.81,2.07,3.75,3.3,2.05,42,23.7,25,298.25,7.1,36,25.4,29,478,13.28,78,77,77,78,83,82,81,82
313,Hull,Arsenal,05/04/2015 20:00:00,15,34,,67,1-3,34,33,5.5,4,1.7,5.25,3.8,1.7,5.25,3.8,1.67,5.52,3.9,1.72,5.5,3.5,1.7,35,26.1,24,122.25,3.49,42,23,29,404.35,9.63,75,73,70,73,80,80,77,80
314,Everton,Sunderland,05/09/2015 12:45:00,11,44,18,33,0-2,35,34,1.8,3.75,5,1.8,3.6,4.75,1.8,3.6,4.8,1.79,3.8,5.06,1.73,3.5,5,40,24.3,19,177.5,4.44,34,24.8,20,115.25,3.39,78,78,78,78,76,73,72,74
315,Aston Villa,West Ham,05/09/2015 15:00:00,14,35,9,47,1-0,35,35,1.91,3.7,4.33,1.95,3.5,3.7,1.95,3.6,4,1.91,3.69,4.45,1.95,3.4,4,38,24.3,20,127,3.34,36,24.8,21,123,3.42,72,74,74,75,75,74,72,75
316,Stoke,Tottenham,05/09/2015 15:00:00,10,47,6,58,3-0,35,35,2.9,3.4,2.6,2.7,3.25,2.55,2.9,3.4,2.5,2.9,3.45,2.59,2.8,3.1,2.62,30,26.4,23,128.85,4.3,42,23.7,25,298.25,7.1,76,75,74,76,78,77,77,78
317,Hull,Burnley,05/09/2015 15:00:00,17,34,20,26,0-1,35,35,1.95,3.5,4.5,1.95,3.4,3.75,1.95,3.4,4.2,1.93,3.58,4.5,1.95,3.4,4,35,26.1,24,122.25,3.49,30,25.5,13,36.75,1.23,75,73,70,73,71,70,71,70
318,Leicester,Southampton,05/09/2015 15:00:00,,34,7,57,2-0,35,35,2.6,3.4,2.9,2.6,3.25,2.65,2.62,3.4,2.75,2.62,3.35,2.94,2.62,3.1,2.8,37,25.9,18,55.85,1.51,37,23.5,20,150.4,4.06,71,72,68,72,77,75,76,76
319,Newcastle,West Brom,05/09/2015 15:00:00,15,35,13,40,1-1,35,35,2.55,3.3,3,2.55,3.3,2.9,2.45,3.3,3,2.5,3.36,3.09,2.62,3.1,2.8,42,22.9,26,139.85,3.33,34,25.5,22,100.6,2.96,74,75,74,75,74,74,71,74
320,Man City,QPR,05/10/2015 13:30:00,,70,19,27,6-0,35,35,1.22,7.5,13,1.22,7.25,11.5,1.22,7,13,1.23,7.4,13.75,1.22,6,13,36,25.4,29,478,13.28,41,25.1,24,115.05,2.81,83,82,81,82,74,74,71,75
321,Chelsea,Liverpool,05/10/2015 16:00:00,1,83,5,61,1-1,35,35,2.1,3.5,3.8,2.1,3.3,3.8,2,3.4,3.9,2.1,3.44,3.96,2.1,3.2,3.75,38,23.9,28,526.1,13.84,35,23.4,21,285,8.14,82,82,81,83,79,78,75,79
322,Arsenal,Swansea,05/11/2015 20:00:00,,70,8,53,0-1,34,35,1.3,6,11,1.3,5.75,10,1.33,5.25,9.5,1.31,5.93,11.5,1.33,5,9,42,23,29,404.35,9.63,36,24.3,30,107.7,2.99,80,80,77,80,77,74,74,75
323,Southampton,Aston Villa,05/16/2015 12:45:00,7,57,14,38,6-1,36,36,1.75,3.8,5.25,1.78,3.5,4.5,1.75,3.75,5,1.76,3.83,5.25,1.75,3.5,5,37,23.5,20,150.4,4.06,38,24.3,20,127,3.34,77,75,76,76,72,74,74,75
324,QPR,Newcastle,05/16/2015 15:00:00,20,27,,36,2-1,36,36,3.1,3.5,2.4,2.95,3.4,2.45,2.9,3.5,2.5,3.01,3.57,2.45,2.9,3.25,2.4,41,25.1,24,115.05,2.81,42,22.9,26,139.85,3.33,74,74,71,75,74,75,74,75
325,Burnley,Stoke,05/16/2015 15:00:00,19,29,9,50,0-0,36,36,2.7,3.3,2.88,2.65,3.2,2.65,2.62,3.3,2.9,2.61,3.39,2.92,2.7,3.1,2.7,30,25.5,13,36.75,1.23,30,26.4,23,128.85,4.3,71,70,71,70,76,75,74,76
326,Sunderland,Leicester,05/16/2015 15:00:00,,36,15,37,0-0,35,36,2.8,3.3,2.75,2.65,3.2,2.65,2.75,3.3,2.75,2.83,3.3,2.75,2.7,3.1,2.7,34,24.8,20,115.25,3.39,37,25.9,18,55.85,1.51,76,73,72,74,71,72,68,72
327,Tottenham,Hull,05/16/2015 15:00:00,6,58,18,34,2-0,36,36,1.8,3.8,4.75,1.75,3.8,4.25,1.8,3.75,4.75,1.79,3.99,4.72,1.8,3.3,5,42,23.7,25,298.25,7.1,35,26.1,24,122.25,3.49,78,77,77,78,75,73,70,73
328,West Ham,Everton,05/16/2015 15:00:00,10,47,11,44,1-2,36,36,2.9,3.4,2.6,2.65,3.2,2.6,2.8,3.4,2.62,2.99,3.5,2.51,2.8,3.1,2.6,36,24.8,21,123,3.42,40,24.3,19,177.5,4.44,75,74,72,75,78,78,78,78
329,Liverpool,Crystal Palace,05/16/2015 17:30:00,5,62,12,42,1-3,36,36,1.45,4.75,8,1.45,4.75,7,1.5,4.5,6.5,1.49,4.76,7.23,1.44,4.2,8,35,23.4,21,285,8.14,42,26,25,89.3,2.13,79,78,75,79,73,73,73,73
330,Swansea,Man City,05/17/2015 13:30:00,8,56,2,73,2-4,36,36,4.75,4.2,1.75,5,3.75,1.75,4.5,4,1.75,5.03,4.23,1.71,5,3.5,1.75,36,24.3,30,107.7,2.99,36,25.4,29,478,13.28,77,74,74,75,83,82,81,82
331,West Brom,Chelsea,05/18/2015 20:00:00,13,41,1,84,3-0,36,36,4.1,3.5,2,4,3.5,2,4,3.5,1.95,4.21,3.54,2,4,3.1,2.05,34,25.5,22,100.6,2.96,38,23.9,28,526.1,13.84,74,74,71,74,82,82,81,83
332,Arsenal,Sunderland,05/20/2015 19:45:00,3,71,16,37,0-0,36,36,1.3,6,11,1.3,5.75,10,1.3,5.5,11,1.32,5.46,12.31,1.29,5.5,11,42,23,29,404.35,9.63,34,24.8,20,115.25,3.39,80,80,77,80,76,73,72,74
333,Arsenal,West Brom,05/24/2015 15:00:00,3,72,13,44,4-1,37,37,1.4,5.25,8.5,1.4,4.75,7,1.36,5,9,1.43,4.91,8.53,1.4,4.5,8,42,23,29,404.35,9.63,34,25.5,22,100.6,2.96,80,80,77,80,74,74,71,74
334,Aston Villa,Burnley,05/24/2015 15:00:00,16,38,19,30,0-1,37,37,2.1,3.6,3.75,2.1,3.5,3.25,2.1,3.4,3.6,2.12,3.67,3.65,2.1,3.3,3.5,38,24.3,20,127,3.34,30,25.5,13,36.75,1.23,72,74,74,75,71,70,71,70
335,Chelsea,Sunderland,05/24/2015 15:00:00,1,84,15,38,3-1,37,37,1.36,5.25,9.5,1.36,5.25,8.75,1.36,5,9,1.36,5.33,10.43,1.36,4.5,10,38,23.9,28,526.1,13.84,34,24.8,20,115.25,3.39,82,82,81,83,76,73,72,74
336,Crystal Palace,Swansea,05/24/2015 15:00:00,12,45,8,56,1-0,37,37,2.25,3.6,3.3,2.2,3.2,3.3,2.2,3.5,3.2,2.21,3.7,3.38,2.3,3.2,3.2,42,26,25,89.3,2.13,36,24.3,30,107.7,2.99,73,73,73,73,77,74,74,75
337,Everton,Tottenham,05/24/2015 15:00:00,10,47,6,61,0-1,37,37,2.4,3.6,3,2.35,3.4,2.85,2.4,3.4,3,2.31,3.72,3.12,2.4,3.1,3.1,40,24.3,19,177.5,4.44,42,23.7,25,298.25,7.1,78,78,78,78,78,77,77,78
338,Leicester,QPR,05/24/2015 15:00:00,14,38,20,30,5-1,37,37,1.6,4.33,6,1.6,3.8,5.5,1.62,4,5.5,1.57,4.57,6.02,1.62,3.8,5.5,37,25.9,18,55.85,1.51,41,25.1,24,115.05,2.81,71,72,68,72,74,74,71,75
339,Man City,Southampton,05/24/2015 15:00:00,2,76,7,60,2-0,37,37,1.57,4.5,6,1.55,4,5.75,1.57,4.2,6,1.6,4.62,5.59,1.57,3.8,6,36,25.4,29,478,13.28,37,23.5,20,150.4,4.06,83,82,81,82,77,75,76,76
340,Newcastle,West Ham,05/24/2015 15:00:00,17,36,11,47,2-0,37,37,1.83,4,4.33,1.8,3.9,4.4,1.8,3.75,4.5,1.79,4,4.69,1.8,3.5,4.5,42,22.9,26,139.85,3.33,36,24.8,21,123,3.42,74,75,74,75,75,74,72,75
341,Stoke,Liverpool,05/24/2015 15:00:00,9,51,5,62,6-1,37,37,3.5,3.6,2.15,3.25,3.4,2.15,3.3,3.5,2.2,3.51,3.7,2.15,3.3,3.3,2.2,30,26.4,23,128.85,4.3,35,23.4,21,285,8.14,76,75,74,76,79,78,75,79
